City_departure;Year;Month;DOMESTIC;INTERNATIONAL;TOTAL
Atlanta;2007;1;2744136;332738;3076874
Atlanta;2007;2;2642977;302883;2945860
Atlanta;2007;3;3347887;393886;3741773
Atlanta;2007;4;3222845;34874;3571585
Atlanta;2007;5;3318869;387551;3706420
Atlanta;2007;6;3540330;448919;3989249
Atlanta;2007;7;3654986;4453;4100286
Atlanta;2007;8;3556705;406354;3963059
Atlanta;2007;9;2982422;337298;3319720
Atlanta;2007;10;3388161;328899;3717060
Atlanta;2007;11;3176190;325828;3502018
Atlanta;2007;12;3065447;391207;3456654
Atlanta;2008;1;2823518;348168;3171686
Atlanta;2008;2;2905143;327618;3232761
Atlanta;2008;3;3417624;413811;3831435
Atlanta;2008;4;3200599;359957;3560556
Atlanta;2008;5;3310316;413302;3723618
Atlanta;2008;6;3477802;461649;3939451
Atlanta;2008;7;3652009;457327;4109336
Atlanta;2008;8;3488127;41654;3904667
Atlanta;2008;9;3047701;334747;3382448
Atlanta;2008;10;3416195;331617;3747812
Atlanta;2008;11;3108720;322909;3431629
Atlanta;2008;12;3173033;397081;3570114
Atlanta;2009;1;2849037;347113;3196150
Atlanta;2009;2;2658524;291116;2949640
Atlanta;2009;3;3136635;359607;3496242
Atlanta;2009;4;3129794;35683;3486624
Atlanta;2009;5;3256465;375942;3632407
Atlanta;2009;6;3402029;449441;3851470
Atlanta;2009;7;3628640;447159;4075799
Atlanta;2009;8;3435608;392296;3827904
Atlanta;2009;9;3019930;317696;3337626
Atlanta;2009;10;3305251;316132;3621383
Atlanta;2009;11;3023808;293761;3317569
Atlanta;2009;12;2958864;378435;3337299
Atlanta;2010;1;2726070;329387;3055457
Atlanta;2010;2;2544751;302127;2846878
Atlanta;2010;3;3293758;38365;3677408
Atlanta;2010;4;3262533;347834;3610367
Atlanta;2010;5;3369274;403809;3773083
Atlanta;2010;6;3465091;455581;3920672
Atlanta;2010;7;3574034;478252;4052286
Atlanta;2010;8;3415000;418141;3833141
Atlanta;2010;9;3140173;345263;3485436
Atlanta;2010;10;3433171;346869;3780040
Atlanta;2010;11;3179016;319788;3498804
Atlanta;2010;12;3072786;37819;3450976
Atlanta;2011;1;2678294;341254;3019548
Atlanta;2011;2;2666018;317256;2983274
Atlanta;2011;3;3376371;401791;3778162
Atlanta;2011;4;3278439;384886;3663325
Atlanta;2011;5;3604729;417353;4022082
Atlanta;2011;6;3583364;474024;4057388
Atlanta;2011;7;3741126;496576;4237702
Atlanta;2011;8;3548785;43634;3985125
Atlanta;2011;9;3233004;349084;3582088
Atlanta;2011;10;3511352;346141;3857493
Atlanta;2011;11;3272304;322587;3594891
Atlanta;2011;12;3080001;388303;3468304
Atlanta;2012;1;2886710;347053;3233763
Atlanta;2012;2;2888471;324299;3212770
Atlanta;2012;3;3550261;40422;3954481
Atlanta;2012;4;3446162;379454;3825616
Atlanta;2012;5;3642807;434382;4077189
Atlanta;2012;6;3729923;473061;4202984
Atlanta;2012;7;3769354;476621;4245975
Atlanta;2012;8;3644910;431539;4076449
Atlanta;2012;9;3251758;371535;3623293
Atlanta;2012;10;3577528;375628;3953156
Atlanta;2012;11;3364273;348795;3713068
Atlanta;2012;12;3185267;408826;3594093
Atlanta;2013;1;2987573;355736;3343309
Atlanta;2013;2;2849543;329888;3179431
Atlanta;2013;3;3523830;416836;3940666
Atlanta;2013;4;3389486;393553;3783039
Atlanta;2013;5;3591908;451363;4043271
Atlanta;2013;6;3569294;49331;4062604
Atlanta;2013;7;3626195;491967;4118162
Atlanta;2013;8;3547523;451441;3998964
Atlanta;2013;9;3206279;36794;3574219
Atlanta;2013;10;3516660;375966;3892626
Atlanta;2013;11;3168551;374473;3543024
Atlanta;2013;12;3351742;441154;3792896
Atlanta;2014;1;2883013;39548;3278493
Atlanta;2014;2;2741403;351508;3092911
Atlanta;2014;3;3637570;44764;4085210
Atlanta;2014;4;3519927;420498;3940425
Atlanta;2014;5;3732980;478628;4211608
Atlanta;2014;6;3638862;523814;4162676
Atlanta;2014;7;3776858;524207;4301065
Atlanta;2014;8;3651912;49178;4143692
Atlanta;2014;9;3355828;399065;3754893
Atlanta;2014;10;3697108;39146;4088568
Atlanta;2014;11;3337130;375086;3712216
Atlanta;2014;12;3358901;446337;3805238
Atlanta;2015;1;3089174;425251;3514425
Atlanta;2015;2;2937697;370448;3308145
Atlanta;2015;3;3742543;441622;4184165
Atlanta;2015;4;3647022;439585;4086607
Atlanta;2015;5;3888355;485586;4373941
Atlanta;2015;6;3859114;522362;4381476
Atlanta;2015;7;3996062;529657;4525719
Atlanta;2015;8;3875938;501847;4377785
Atlanta;2015;9;3633240;416909;4050149
Atlanta;2015;10;3959331;421129;4380460
Atlanta;2015;11;3704202;394824;4099026
Atlanta;2015;12;3576571;461881;4038452
Atlanta;2016;1;3299390;442571;3741961
Atlanta;2016;2;3223435;40149;3624925
Atlanta;2016;3;3771750;463305;4235055
Atlanta;2016;4;3760315;448675;4208990
Atlanta;2016;5;4099226;503827;4603053
Atlanta;2016;6;3973767;547228;4520995
Atlanta;2016;7;3963425;54117;4504595
Atlanta;2016;8;3747620;49835;4245970
Atlanta;2016;9;3696180;425909;4122089
Atlanta;2016;10;3966520;418987;4385507
Atlanta;2016;11;3786460;39375;4180210
Atlanta;2016;12;3616391;490968;4107359
Boston;2007;1;819055;109257;928312
Boston;2007;2;837892;103938;94183
Boston;2007;3;1028402;140975;1169377
Boston;2007;4;1055570;143704;1199274
Boston;2007;5;1038814;164381;1203195
Boston;2007;6;1080692;190575;1271267
Boston;2007;7;1098776;184649;1283425
Boston;2007;8;1137134;196901;1334035
Boston;2007;9;901151;175975;1077126
Boston;2007;10;1055018;168147;1223165
Boston;2007;11;949635;136008;1085643
Boston;2007;12;851131;13386;984991
Boston;2008;1;763846;116309;880155
Boston;2008;2;83841;112316;950726
Boston;2008;3;951901;141883;1093784
Boston;2008;4;1001920;148934;1150854
Boston;2008;5;976416;151071;1127487
Boston;2008;6;1016808;170851;1187659
Boston;2008;7;1042481;158594;1201075
Boston;2008;8;1053086;182898;1235984
Boston;2008;9;824331;156732;981063
Boston;2008;10;932013;148339;1080352
Boston;2008;11;798474;118592;917066
Boston;2008;12;825896;124282;950178
Boston;2009;1;669584;105773;775357
Boston;2009;2;741142;102589;843731
Boston;2009;3;85836;13086;98922
Boston;2009;4;924771;149854;1074625
Boston;2009;5;916189;142557;1058746
Boston;2009;6;953409;173924;1127333
Boston;2009;7;1048288;181709;1229997
Boston;2009;8;1063442;188074;1251516
Boston;2009;9;885058;157187;1042245
Boston;2009;10;1003404;1465;1149904
Boston;2009;11;864394;122303;986697
Boston;2009;12;870135;134512;1004647
Boston;2010;1;747377;112245;859622
Boston;2010;2;771837;107489;879326
Boston;2010;3;945457;139553;1085010
Boston;2010;4;1013205;145057;1158262
Boston;2010;5;989513;162982;1152495
Boston;2010;6;1024778;187847;1212625
Boston;2010;7;1095972;187876;1283848
Boston;2010;8;1141492;193845;1335337
Boston;2010;9;962202;176349;1138551
Boston;2010;10;1106907;167699;1274606
Boston;2010;11;987393;131384;1118777
Boston;2010;12;919973;123355;1043328
Boston;2011;1;788143;106745;894888
Boston;2011;2;806685;99169;905854
Boston;2011;3;1013276;131715;1144991
Boston;2011;4;1037339;164503;1201842
Boston;2011;5;1077739;190139;1267878
Boston;2011;6;1101076;212752;1313828
Boston;2011;7;1173957;206655;1380612
Boston;2011;8;1159265;211716;1370981
Boston;2011;9;992464;195227;1187691
Boston;2011;10;1093102;17447;1267572
Boston;2011;11;992644;133522;1126166
Boston;2011;12;94134;143206;1084546
Boston;2012;1;828007;117105;945112
Boston;2012;2;863957;110237;974194
Boston;2012;3;1027666;146482;1174148
Boston;2012;4;1065672;16241;1228082
Boston;2012;5;1082526;180512;1263038
Boston;2012;6;1095621;217519;1313140
Boston;2012;7;1147085;2105;1357585
Boston;2012;8;1184085;226173;1410258
Boston;2012;9;967462;193257;1160719
Boston;2012;10;1048347;170963;1219310
Boston;2012;11;1006294;138842;1145136
Boston;2012;12;937869;143018;1080887
Boston;2013;1;851838;118797;970635
Boston;2013;2;839888;105266;945154
Boston;2013;3;1025387;152966;1178353
Boston;2013;4;1069384;171528;1240912
Boston;2013;5;1113009;189456;1302465
Boston;2013;6;1151250;221632;1372882
Boston;2013;7;1226855;21591;1442765
Boston;2013;8;1242467;234499;1476966
Boston;2013;9;1018561;200324;1218885
Boston;2013;10;1143967;175539;1319506
Boston;2013;11;998101;13313;1131231
Boston;2013;12;1033100;154231;1187331
Boston;2014;1;84822;12249;97071
Boston;2014;2;851395;115631;967026
Boston;2014;3;1067856;156477;1224333
Boston;2014;4;1141431;183023;1324454
Boston;2014;5;1171691;216189;1387880
Boston;2014;6;1185736;2495;1435236
Boston;2014;7;1275522;248944;1524466
Boston;2014;8;1266971;26299;1529961
Boston;2014;9;1083619;217911;1301530
Boston;2014;10;1192073;188805;1380878
Boston;2014;11;1033434;161342;1194776
Boston;2014;12;1060185;179266;1239451
Boston;2015;1;860428;145285;1005713
Boston;2015;2;841979;127623;969602
Boston;2015;3;1123522;171416;1294938
Boston;2015;4;1189899;197188;1387087
Boston;2015;5;1217111;237672;1454783
Boston;2015;6;1238512;270494;1509006
Boston;2015;7;1355142;265848;1620990
Boston;2015;8;1340996;278922;1619918
Boston;2015;9;1135050;231383;1366433
Boston;2015;10;1278149;223835;1501984
Boston;2015;11;1119375;168221;1287596
Boston;2015;12;1088298;205576;1293874
Boston;2016;1;941623;174391;1116014
Boston;2016;2;97693;159021;1135951
Boston;2016;3;1168850;209288;1378138
Boston;2016;4;1218548;244853;1463401
Boston;2016;5;1280593;277305;1557898
Boston;2016;6;1337990;320881;1658871
Boston;2016;7;1405695;323003;1728698
Boston;2016;8;1405135;332897;1738032
Boston;2016;9;1210196;289165;1499361
Boston;2016;10;1324186;255836;1580022
Boston;2016;11;1219288;215214;1434502
Boston;2016;12;1163963;258389;1422352
Charlotte;2007;1;1140818;79699;1220517
Charlotte;2007;2;1091294;76712;1168006
Charlotte;2007;3;1328824;99349;1428173
Charlotte;2007;4;1313657;97221;1410878
Charlotte;2007;5;1383588;95051;1478639
Charlotte;2007;6;1358508;99839;1458347
Charlotte;2007;7;1414464;101011;1515475
Charlotte;2007;8;1397273;89433;1486706
Charlotte;2007;9;1214884;62433;1277317
Charlotte;2007;10;1373268;65619;1438887
Charlotte;2007;11;1296389;79884;1376273
Charlotte;2007;12;1207906;95477;1303383
Charlotte;2008;1;1211535;94091;1305626
Charlotte;2008;2;1214082;93592;1307674
Charlotte;2008;3;1376621;114393;1491014
Charlotte;2008;4;1341599;105059;1446658
Charlotte;2008;5;1421972;106462;1528434
Charlotte;2008;6;1416444;109049;1525493
Charlotte;2008;7;1463552;109724;1573276
Charlotte;2008;8;1424228;100609;1524837
Charlotte;2008;9;1272235;61559;1333794
Charlotte;2008;10;1406740;66945;1473685
Charlotte;2008;11;1263974;84524;1348498
Charlotte;2008;12;1306693;95791;1402484
Charlotte;2009;1;1217314;91535;1308849
Charlotte;2009;2;1163523;957;1259223
Charlotte;2009;3;1353205;114764;1467969
Charlotte;2009;4;1372435;115256;1487691
Charlotte;2009;5;1396301;106958;1503259
Charlotte;2009;6;1418164;108807;1526971
Charlotte;2009;7;1468893;107301;1576194
Charlotte;2009;8;1385339;97302;1482641
Charlotte;2009;9;1253706;67662;1321368
Charlotte;2009;10;1394931;70216;1465147
Charlotte;2009;11;1269802;78866;1348668
Charlotte;2009;12;1302815;96273;1399088
Charlotte;2010;1;1214274;91815;1306089
Charlotte;2010;2;1169344;9532;1264664
Charlotte;2010;3;1400142;114961;1515103
Charlotte;2010;4;1398199;104342;1502541
Charlotte;2010;5;1481311;126205;1607516
Charlotte;2010;6;1521287;135589;1656876
Charlotte;2010;7;1535311;138521;1673832
Charlotte;2010;8;1540155;122293;1662448
Charlotte;2010;9;1485439;93662;1579101
Charlotte;2010;10;1614739;93998;1708737
Charlotte;2010;11;1486083;91935;1578018
Charlotte;2010;12;1445312;114464;1559776
Charlotte;2011;1;1314511;104514;1419025
Charlotte;2011;2;1275944;96267;1372211
Charlotte;2011;3;1527975;125485;1653460
Charlotte;2011;4;1465186;119533;1584719
Charlotte;2011;5;1579461;13587;1715331
Charlotte;2011;6;1548571;142259;1690830
Charlotte;2011;7;1570513;149948;1720461
Charlotte;2011;8;1495616;131049;1626665
Charlotte;2011;9;1392044;9673;1488774
Charlotte;2011;10;1482965;94318;1577283
Charlotte;2011;11;1473365;99253;1572618
Charlotte;2011;12;1478320;107771;1586091
Charlotte;2012;1;1427153;99713;1526866
Charlotte;2012;2;1389749;99037;1488786
Charlotte;2012;3;1589213;134042;1723255
Charlotte;2012;4;1532792;12568;1658472
Charlotte;2012;5;1621369;141679;1763048
Charlotte;2012;6;1580572;159736;1740308
Charlotte;2012;7;1598145;153264;1751409
Charlotte;2012;8;1641396;139617;1781013
Charlotte;2012;9;1470192;98143;1568335
Charlotte;2012;10;1591620;94875;1686495
Charlotte;2012;11;1584498;93041;1677539
Charlotte;2012;12;1540837;110056;1650893
Charlotte;2013;1;1496250;100859;1597109
Charlotte;2013;2;1491880;109507;1601387
Charlotte;2013;3;1672432;135082;1807514
Charlotte;2013;4;1617407;126659;1744066
Charlotte;2013;5;1731871;147576;1879447
Charlotte;2013;6;1670010;166065;1836075
Charlotte;2013;7;1699291;16331;1862601
Charlotte;2013;8;1721748;146396;1868144
Charlotte;2013;9;1721043;99742;1820785
Charlotte;2013;10;1699468;95273;1794741
Charlotte;2013;11;1585106;95695;1680801
Charlotte;2013;12;1719915;115072;1834987
Charlotte;2014;1;1590888;104563;1695451
Charlotte;2014;2;1347611;99284;1446895
Charlotte;2014;3;1734434;136317;1870751
Charlotte;2014;4;1704594;138666;1843260
Charlotte;2014;5;1774418;156972;1931390
Charlotte;2014;6;1723749;178719;1902468
Charlotte;2014;7;1777785;168284;1946069
Charlotte;2014;8;1724067;158095;1882162
Charlotte;2014;9;1587254;95745;1682999
Charlotte;2014;10;1764277;9068;1854957
Charlotte;2014;11;1585851;89437;1675288
Charlotte;2014;12;1672549;115469;1788018
Charlotte;2015;1;1543094;103586;1646680
Charlotte;2015;2;1391589;95168;1486757
Charlotte;2015;3;1764564;132278;1896842
Charlotte;2015;4;1743614;133966;1877580
Charlotte;2015;5;1813186;152192;1965378
Charlotte;2015;6;1748854;171005;1919859
Charlotte;2015;7;1819874;167393;1987267
Charlotte;2015;8;1759691;14389;1903581
Charlotte;2015;9;1644450;101631;1746081
Charlotte;2015;10;1794082;91117;1885199
Charlotte;2015;11;1688019;83137;1771156
Charlotte;2015;12;1697053;111071;1808124
Charlotte;2016;1;1505895;89384;1595279
Charlotte;2016;2;1432125;94064;1526189
Charlotte;2016;3;1730851;13228;1863131
Charlotte;2016;4;1715140;127139;1842279
Charlotte;2016;5;1816753;149036;1965789
Charlotte;2016;6;1789833;169384;1959217
Charlotte;2016;7;1791474;168526;1960000
Charlotte;2016;8;1733633;141682;1875315
Charlotte;2016;9;1589849;9574;1685589
Charlotte;2016;10;1663327;91507;1754834
Charlotte;2016;11;1619096;85792;1704888
Charlotte;2016;12;1646536;116945;1763481
Chicago;2007;1;2321926;407324;2729250
Chicago;2007;2;2141920;344636;2486556
Chicago;2007;3;2736628;490427;3227055
Chicago;2007;4;2577386;432627;3010013
Chicago;2007;5;2779638;515243;3294881
Chicago;2007;6;2814795;557762;3372557
Chicago;2007;7;2854152;534736;3388888
Chicago;2007;8;2788406;507032;3295438
Chicago;2007;9;2461840;477303;2939143
Chicago;2007;10;2681107;456765;3137872
Chicago;2007;11;2456002;414533;2870535
Chicago;2007;12;2221522;4545;2676022
Chicago;2008;1;2054376;408688;2463064
Chicago;2008;2;1994088;359604;2353692
Chicago;2008;3;2493535;482158;2975693
Chicago;2008;4;2420284;430809;2851093
Chicago;2008;5;2579839;512691;3092530
Chicago;2008;6;2614842;557792;3172634
Chicago;2008;7;2682934;513179;3196113
Chicago;2008;8;2588579;507137;3095716
Chicago;2008;9;2241562;437073;2678635
Chicago;2008;10;2453305;437468;2890773
Chicago;2008;11;2003233;381347;2384580
Chicago;2008;12;2042041;428916;2470957
Chicago;2009;1;1780448;374712;2155160
Chicago;2009;2;1759014;320525;2079539
Chicago;2009;3;2267624;415437;2683061
Chicago;2009;4;2158812;402713;2561525
Chicago;2009;5;2236470;447952;2684422
Chicago;2009;6;2382222;499773;2881995
Chicago;2009;7;2494585;499076;2993661
Chicago;2009;8;2403902;480322;2884224
Chicago;2009;9;2125351;413803;2539154
Chicago;2009;10;2327561;424962;2752523
Chicago;2009;11;2053195;362682;2415877
Chicago;2009;12;2056288;415606;2471894
Chicago;2010;1;1839373;374236;2213609
Chicago;2010;2;1791110;329257;2120367
Chicago;2010;3;2328662;430917;2759579
Chicago;2010;4;2226156;379074;2605230
Chicago;2010;5;2362635;49467;2857305
Chicago;2010;6;2449884;521385;2971269
Chicago;2010;7;2555653;516951;3072604
Chicago;2010;8;2512934;486172;2999106
Chicago;2010;9;2281338;442024;2723362
Chicago;2010;10;2446353;423967;2870320
Chicago;2010;11;2198438;354912;2553350
Chicago;2010;12;2001834;39834;2400174
Chicago;2011;1;1776465;368717;2145182
Chicago;2011;2;1710867;298785;2009652
Chicago;2011;3;2344944;408972;2753916
Chicago;2011;4;2161200;401534;2562734
Chicago;2011;5;2329934;496288;2826222
Chicago;2011;6;2436170;508946;2945116
Chicago;2011;7;2525583;497585;3023168
Chicago;2011;8;2467849;488765;2956614
Chicago;2011;9;2274962;457659;2732621
Chicago;2011;10;2417073;452783;2869856
Chicago;2011;11;2142822;357686;2500508
Chicago;2011;12;2102690;412967;2515657
Chicago;2012;1;1870122;355744;2225866
Chicago;2012;2;1912781;302238;2215019
Chicago;2012;3;2348842;409498;2758340
Chicago;2012;4;2231742;388551;2620293
Chicago;2012;5;2355823;475443;2831266
Chicago;2012;6;2480870;509977;2990847
Chicago;2012;7;2498266;489409;2987675
Chicago;2012;8;2489434;489234;2978668
Chicago;2012;9;2221834;443589;2665423
Chicago;2012;10;2368804;436661;2805465
Chicago;2012;11;2153216;364797;2518013
Chicago;2012;12;2076496;386407;2462903
Chicago;2013;1;1928466;354575;2283041
Chicago;2013;2;1824565;297091;2121656
Chicago;2013;3;2257564;403981;2661545
Chicago;2013;4;2106565;386016;2492581
Chicago;2013;5;2366564;50204;2868604
Chicago;2013;6;2431750;542421;2974171
Chicago;2013;7;2461924;523511;2985435
Chicago;2013;8;2454754;536573;2991327
Chicago;2013;9;2241606;482775;2724381
Chicago;2013;10;2464561;460237;2924798
Chicago;2013;11;2179626;371933;2551559
Chicago;2013;12;2232916;440249;2673165
Chicago;2014;1;1754729;364608;2119337
Chicago;2014;2;1870399;321756;2192155
Chicago;2014;3;2364317;44338;2807697
Chicago;2014;4;2299097;42495;2724047
Chicago;2014;5;2454807;559899;3014706
Chicago;2014;6;2559051;595977;3155028
Chicago;2014;7;2695144;567259;3262403
Chicago;2014;8;2578210;568691;3146901
Chicago;2014;9;2305025;493652;2798677
Chicago;2014;10;2575987;444883;3020870
Chicago;2014;11;2282095;375824;2657919
Chicago;2014;12;2359587;455759;2815346
Chicago;2015;1;2011759;387807;2399566
Chicago;2015;2;1926363;327538;2253901
Chicago;2015;3;2561418;45436;3015778
Chicago;2015;4;2457810;426674;2884484
Chicago;2015;5;2699706;550469;3250175
Chicago;2015;6;2754304;587698;3342002
Chicago;2015;7;2892926;576362;3469288
Chicago;2015;8;2834660;568458;3403118
Chicago;2015;9;2609305;497036;3106341
Chicago;2015;10;2843256;487516;3330772
Chicago;2015;11;2512002;387519;2899521
Chicago;2015;12;2432823;459125;2891948
Chicago;2016;1;2179186;402162;2581348
Chicago;2016;2;2073493;349188;2422681
Chicago;2016;3;2588183;469778;3057961
Chicago;2016;4;2501132;433528;2934660
Chicago;2016;5;2768209;558822;3327031
Chicago;2016;6;2897086;614584;3511670
Chicago;2016;7;2929104;589634;3518738
Chicago;2016;8;2932997;562243;3495240
Chicago;2016;9;2767650;509334;3276984
Chicago;2016;10;2907563;487717;3395280
Chicago;2016;11;2609882;434601;3044483
Chicago;2016;12;2423140;508017;2931157
Dallas-Fort Worth;2007;1;1944528;18655;2131078
Dallas-Fort Worth;2007;2;1862273;168374;2030647
Dallas-Fort Worth;2007;3;2248185;21021;2458395
Dallas-Fort Worth;2007;4;2146564;186645;2333209
Dallas-Fort Worth;2007;5;2275247;212267;2487514
Dallas-Fort Worth;2007;6;2304943;225485;2530428
Dallas-Fort Worth;2007;7;2402764;23236;2635124
Dallas-Fort Worth;2007;8;2298706;212925;2511631
Dallas-Fort Worth;2007;9;1988647;177085;2165732
Dallas-Fort Worth;2007;10;2197609;186139;2383748
Dallas-Fort Worth;2007;11;2139381;187678;2327059
Dallas-Fort Worth;2007;12;2073437;213867;2287304
Dallas-Fort Worth;2008;1;1956747;196357;2153104
Dallas-Fort Worth;2008;2;1901839;182947;2084786
Dallas-Fort Worth;2008;3;2082202;209103;2291305
Dallas-Fort Worth;2008;4;1950412;180479;2130891
Dallas-Fort Worth;2008;5;2169750;219493;2389243
Dallas-Fort Worth;2008;6;2286232;227131;2513363
Dallas-Fort Worth;2008;7;2351781;22946;2581241
Dallas-Fort Worth;2008;8;2181822;215712;2397534
Dallas-Fort Worth;2008;9;1860962;17321;2034172
Dallas-Fort Worth;2008;10;2083345;18371;2267055
Dallas-Fort Worth;2008;11;1845563;183614;2029177
Dallas-Fort Worth;2008;12;2019018;201528;2220546
Dallas-Fort Worth;2009;1;1783541;181406;1964947
Dallas-Fort Worth;2009;2;1711344;162678;1874022
Dallas-Fort Worth;2009;3;2064594;19378;2258374
Dallas-Fort Worth;2009;4;2010195;180111;2190306
Dallas-Fort Worth;2009;5;2068553;180097;2248650
Dallas-Fort Worth;2009;6;2236639;222458;2459097
Dallas-Fort Worth;2009;7;2360815;236742;2597557
Dallas-Fort Worth;2009;8;2149547;205989;2355536
Dallas-Fort Worth;2009;9;1898584;178367;2076951
Dallas-Fort Worth;2009;10;2065766;189078;2254844
Dallas-Fort Worth;2009;11;1925607;183587;2109194
Dallas-Fort Worth;2009;12;1993864;20402;2197884
Dallas-Fort Worth;2010;1;1829013;190064;2019077
Dallas-Fort Worth;2010;2;1658806;169197;1828003
Dallas-Fort Worth;2010;3;2088259;209189;2297448
Dallas-Fort Worth;2010;4;2036994;192403;2229397
Dallas-Fort Worth;2010;5;2097306;216866;2314172
Dallas-Fort Worth;2010;6;2234369;242062;2476431
Dallas-Fort Worth;2010;7;2275466;259693;2535159
Dallas-Fort Worth;2010;8;2117181;22274;2339921
Dallas-Fort Worth;2010;9;1970768;193868;2164636
Dallas-Fort Worth;2010;10;2141521;205834;2347355
Dallas-Fort Worth;2010;11;2002041;19759;2199631
Dallas-Fort Worth;2010;12;2049174;222833;2272007
Dallas-Fort Worth;2011;1;1844550;202204;2046754
Dallas-Fort Worth;2011;2;1675301;172785;1848086
Dallas-Fort Worth;2011;3;2110738;219149;2329887
Dallas-Fort Worth;2011;4;2005792;196168;2201960
Dallas-Fort Worth;2011;5;2106041;216662;2322703
Dallas-Fort Worth;2011;6;2312567;248759;2561326
Dallas-Fort Worth;2011;7;2359579;271395;2630974
Dallas-Fort Worth;2011;8;2180705;234222;2414927
Dallas-Fort Worth;2011;9;2057802;202736;2260538
Dallas-Fort Worth;2011;10;2163883;210661;2374544
Dallas-Fort Worth;2011;11;2017400;199189;2216589
Dallas-Fort Worth;2011;12;1992786;229051;2221837
Dallas-Fort Worth;2012;1;1855273;205518;2060791
Dallas-Fort Worth;2012;2;1830112;195021;2025133
Dallas-Fort Worth;2012;3;2156992;232194;2389186
Dallas-Fort Worth;2012;4;2000783;217125;2217908
Dallas-Fort Worth;2012;5;2230058;2484;2478458
Dallas-Fort Worth;2012;6;2276172;277918;2554090
Dallas-Fort Worth;2012;7;2286257;295599;2581856
Dallas-Fort Worth;2012;8;2200780;260518;2461298
Dallas-Fort Worth;2012;9;1972731;223549;2196280
Dallas-Fort Worth;2012;10;2145674;235813;2381487
Dallas-Fort Worth;2012;11;2058545;235854;2294399
Dallas-Fort Worth;2012;12;2089677;265652;2355329
Dallas-Fort Worth;2013;1;1994045;240311;2234356
Dallas-Fort Worth;2013;2;1912274;213535;2125809
Dallas-Fort Worth;2013;3;2213486;255779;2469265
Dallas-Fort Worth;2013;4;2119794;236963;2356757
Dallas-Fort Worth;2013;5;2247800;275665;2523465
Dallas-Fort Worth;2013;6;2322101;318379;2640480
Dallas-Fort Worth;2013;7;2368476;333217;2701693
Dallas-Fort Worth;2013;8;2258497;300994;2559491
Dallas-Fort Worth;2013;9;2040942;246794;2287736
Dallas-Fort Worth;2013;10;2247399;260348;2507747
Dallas-Fort Worth;2013;11;2015462;254959;2270421
Dallas-Fort Worth;2013;12;2065469;283727;2349196
Dallas-Fort Worth;2014;1;2084164;273581;2357745
Dallas-Fort Worth;2014;2;1899494;229051;2128545
Dallas-Fort Worth;2014;3;2284571;275387;2559958
Dallas-Fort Worth;2014;4;2221816;256251;2478067
Dallas-Fort Worth;2014;5;2369941;298284;2668225
Dallas-Fort Worth;2014;6;2497531;339365;2836896
Dallas-Fort Worth;2014;7;2559855;352764;2912619
Dallas-Fort Worth;2014;8;2430793;317059;2747852
Dallas-Fort Worth;2014;9;2256546;261065;2517611
Dallas-Fort Worth;2014;10;2341753;268049;2609802
Dallas-Fort Worth;2014;11;2078769;271653;2350422
Dallas-Fort Worth;2014;12;2284535;322616;2607151
Dallas-Fort Worth;2015;1;2118970;286009;2404979
Dallas-Fort Worth;2015;2;1863444;245283;2108727
Dallas-Fort Worth;2015;3;2311467;294926;2606393
Dallas-Fort Worth;2015;4;2288006;278125;2566131
Dallas-Fort Worth;2015;5;2342822;332116;2674938
Dallas-Fort Worth;2015;6;2521252;378661;2899913
Dallas-Fort Worth;2015;7;2659886;3927;3052586
Dallas-Fort Worth;2015;8;2505866;347803;2853669
Dallas-Fort Worth;2015;9;2307017;288623;2595640
Dallas-Fort Worth;2015;10;2407787;304713;2712500
Dallas-Fort Worth;2015;11;2223013;283873;2506886
Dallas-Fort Worth;2015;12;2253382;333075;2586457
Dallas-Fort Worth;2016;1;2152028;294274;2446302
Dallas-Fort Worth;2016;2;2050695;259852;2310547
Dallas-Fort Worth;2016;3;2330612;324711;2655323
Dallas-Fort Worth;2016;4;2212483;287322;2499805
Dallas-Fort Worth;2016;5;2348182;334936;2683118
Dallas-Fort Worth;2016;6;2452003;390867;2842870
Dallas-Fort Worth;2016;7;2504898;39863;2903528
Dallas-Fort Worth;2016;8;2327463;337147;2664610
Dallas-Fort Worth;2016;9;2300893;295715;2596608
Dallas-Fort Worth;2016;10;2342607;312981;2655588
Dallas-Fort Worth;2016;11;2166278;298433;2464711
Dallas-Fort Worth;2016;12;2186309;350544;2536853
Denver;2007;1;1713797;80987;1794784
Denver;2007;2;1615133;78006;1693139
Denver;2007;3;2038167;95891;2134058
Denver;2007;4;1860634;89693;1950327
Denver;2007;5;1978613;95303;2073916
Denver;2007;6;2101018;99272;2200290
Denver;2007;7;2235035;93065;2328100
Denver;2007;8;2175567;89858;2265425
Denver;2007;9;1841190;81264;1922454
Denver;2007;10;1939447;84112;2023559
Denver;2007;11;1769170;81604;1850774
Denver;2007;12;1730529;97502;1828031
Denver;2008;1;1713640;92123;1805763
Denver;2008;2;1724696;91133;1815829
Denver;2008;3;2040598;108085;2148683
Denver;2008;4;1852006;9793;1949936
Denver;2008;5;2016239;104433;2120672
Denver;2008;6;2164789;100969;2265758
Denver;2008;7;2263419;92879;2356298
Denver;2008;8;2178537;93207;2271744
Denver;2008;9;1834885;79424;1914309
Denver;2008;10;1904432;73398;1977830
Denver;2008;11;1674668;69694;1744362
Denver;2008;12;1796853;81479;1878332
Denver;2009;1;1666488;83164;1749652
Denver;2009;2;1584983;82659;1667642
Denver;2009;3;1989665;97614;2087279
Denver;2009;4;1780782;87699;1868481
Denver;2009;5;1917628;72268;1989896
Denver;2009;6;2138014;75794;2213808
Denver;2009;7;2319711;88335;2408046
Denver;2009;8;2217002;85672;2302674
Denver;2009;9;1886595;6378;1950375
Denver;2009;10;1924947;65301;1990248
Denver;2009;11;1736290;61782;1798072
Denver;2009;12;1844445;77958;1922403
Denver;2010;1;1725757;81885;1807642
Denver;2010;2;1637531;84244;1721775
Denver;2010;3;2080576;97703;2178279
Denver;2010;4;1902851;88254;1991105
Denver;2010;5;2046491;84907;2131398
Denver;2010;6;2234149;8354;2317689
Denver;2010;7;2361533;82231;2443764
Denver;2010;8;2303213;78104;2381317
Denver;2010;9;2018841;69527;2088368
Denver;2010;10;2105753;71964;2177717
Denver;2010;11;1891796;60053;1951849
Denver;2010;12;1959786;73244;2033030
Denver;2011;1;1807558;78186;1885744
Denver;2011;2;1701087;76476;1777563
Denver;2011;3;2134695;89259;2223954
Denver;2011;4;1913869;81387;1995256
Denver;2011;5;2130148;76343;2206491
Denver;2011;6;2267970;72136;2340106
Denver;2011;7;2397826;739;2471726
Denver;2011;8;2363340;72758;2436098
Denver;2011;9;2053128;63789;2116917
Denver;2011;10;2066449;62919;2129368
Denver;2011;11;1930512;58925;1989437
Denver;2011;12;1991044;70811;2061855
Denver;2012;1;1823535;71307;1894842
Denver;2012;2;1746327;71395;1817722
Denver;2012;3;2102087;88442;2190529
Denver;2012;4;1918748;7656;1995308
Denver;2012;5;2127133;76889;2204022
Denver;2012;6;2235745;77233;2312978
Denver;2012;7;2388156;76557;2464713
Denver;2012;8;2387355;72477;2459832
Denver;2012;9;2073285;63584;2136869
Denver;2012;10;2136379;61485;2197864
Denver;2012;11;1971906;57457;2029363
Denver;2012;12;1995675;75949;2071624
Denver;2013;1;1879437;74907;1954344
Denver;2013;2;1723111;72271;1795382
Denver;2013;3;2078230;92465;2170695
Denver;2013;4;1879489;78096;1957585
Denver;2013;5;2098277;79326;2177603
Denver;2013;6;2185138;88331;2273469
Denver;2013;7;2295363;90552;2385915
Denver;2013;8;2231658;87881;2319539
Denver;2013;9;2046719;73135;2119854
Denver;2013;10;2108752;71406;2180158
Denver;2013;11;1897419;67836;1965255
Denver;2013;12;2079851;87767;2167618
Denver;2014;1;1878141;92104;1970245
Denver;2014;2;1738673;92421;1831094
Denver;2014;3;2122997;11698;2239977
Denver;2014;4;1922662;9575;2018412
Denver;2014;5;2126388;96588;2222976
Denver;2014;6;2228593;99752;2328345
Denver;2014;7;2356477;94821;2451298
Denver;2014;8;2296943;89273;2386216
Denver;2014;9;2120183;76347;2196530
Denver;2014;10;2178854;75079;2253933
Denver;2014;11;1886029;7726;1963289
Denver;2014;12;2021262;94105;2115367
Denver;2015;1;1842827;97208;1940035
Denver;2015;2;1696475;91652;1788127
Denver;2015;3;2115805;106372;2222177
Denver;2015;4;1964583;94324;2058907
Denver;2015;5;2113324;92787;2206111
Denver;2015;6;2221798;92627;2314425
Denver;2015;7;2337699;91885;2429584
Denver;2015;8;2290973;864;2377373
Denver;2015;9;2143214;74269;2217483
Denver;2015;10;2276271;78166;2354437
Denver;2015;11;2052510;84816;2137326
Denver;2015;12;2114214;90877;2205091
Denver;2016;1;1984926;98912;2083838
Denver;2016;2;1881837;88011;1969848
Denver;2016;3;2176732;112437;2289169
Denver;2016;4;2043526;90326;2133852
Denver;2016;5;2274938;95106;2370044
Denver;2016;6;2405518;103241;2508759
Denver;2016;7;2545224;106547;2651771
Denver;2016;8;2515153;87697;2602850
Denver;2016;9;2402488;84965;2487453
Denver;2016;10;2462091;81763;2543854
Denver;2016;11;2199830;8079;2280620
Denver;2016;12;2217262;103536;2320798
Detroit;2007;1;1130721;135453;1266174
Detroit;2007;2;1146367;127757;1274124
Detroit;2007;3;1386511;169342;1555853
Detroit;2007;4;1351261;153882;1505143
Detroit;2007;5;1372117;16462;1536737
Detroit;2007;6;1366370;171388;1537758
Detroit;2007;7;1405941;169631;1575572
Detroit;2007;8;1407573;175483;1583056
Detroit;2007;9;1200159;159119;1359278
Detroit;2007;10;1318476;15521;1473686
Detroit;2007;11;1256578;135904;1392482
Detroit;2007;12;1224387;152821;1377208
Detroit;2008;1;1138102;145246;1283348
Detroit;2008;2;1180924;145615;1326539
Detroit;2008;3;1377064;188232;1565296
Detroit;2008;4;1307103;154892;1461995
Detroit;2008;5;1343517;174733;1518250
Detroit;2008;6;1368943;176225;1545168
Detroit;2008;7;1396322;169861;1566183
Detroit;2008;8;1334885;17076;1505645
Detroit;2008;9;1127917;156814;1284731
Detroit;2008;10;1220445;148248;1368693
Detroit;2008;11;1108330;122765;1231095
Detroit;2008;12;1169467;140056;1309523
Detroit;2009;1;1011762;125433;1137195
Detroit;2009;2;1014790;108739;1123529
Detroit;2009;3;1206435;129809;1336244
Detroit;2009;4;1220654;116871;1337525
Detroit;2009;5;1184207;113956;1298163
Detroit;2009;6;1253053;126529;1379582
Detroit;2009;7;1294686;124126;1418812
Detroit;2009;8;1246420;122236;1368656
Detroit;2009;9;1065809;112565;1178374
Detroit;2009;10;1156660;103231;1259891
Detroit;2009;11;1061254;87618;1148872
Detroit;2009;12;1090748;104198;1194946
Detroit;2010;1;978151;99246;1077397
Detroit;2010;2;960453;91934;1052387
Detroit;2010;3;1213980;119637;1333617
Detroit;2010;4;1174651;105828;1280479
Detroit;2010;5;1212309;120297;1332606
Detroit;2010;6;1296233;14355;1439783
Detroit;2010;7;1343343;139564;1482907
Detroit;2010;8;1335381;138423;1473804
Detroit;2010;9;1142543;121177;1263720
Detroit;2010;10;1253770;123479;1377249
Detroit;2010;11;1145298;103902;1249200
Detroit;2010;12;1125382;11824;1243622
Detroit;2011;1;997821;111567;1109388
Detroit;2011;2;939858;90485;1030343
Detroit;2011;3;1235293;120707;1356000
Detroit;2011;4;1161321;117817;1279138
Detroit;2011;5;1210040;132356;1342396
Detroit;2011;6;1285595;148736;1434331
Detroit;2011;7;1363116;150445;1513561
Detroit;2011;8;1329728;15233;1482058
Detroit;2011;9;1152936;124306;1277242
Detroit;2011;10;1242541;120213;1362754
Detroit;2011;11;1164409;103719;1268128
Detroit;2011;12;1113048;122137;1235185
Detroit;2012;1;976869;11078;1087649
Detroit;2012;2;989009;102331;1091340
Detroit;2012;3;1248624;136637;1385261
Detroit;2012;4;1165244;113801;1279045
Detroit;2012;5;1189411;14174;1331151
Detroit;2012;6;1280315;163067;1443382
Detroit;2012;7;1312116;148651;1460767
Detroit;2012;8;1325635;154256;1479891
Detroit;2012;9;1102631;133212;1235843
Detroit;2012;10;1218373;122908;1341281
Detroit;2012;11;1149039;112009;1261048
Detroit;2012;12;1057069;12844;1185509
Detroit;2013;1;976657;118376;1095033
Detroit;2013;2;963762;106756;1070518
Detroit;2013;3;1263216;145676;1408892
Detroit;2013;4;1142480;120833;1263313
Detroit;2013;5;1222079;144517;1366596
Detroit;2013;6;1268314;153017;1421331
Detroit;2013;7;1303219;147907;1451126
Detroit;2013;8;1318564;158842;1477406
Detroit;2013;9;1130382;135322;1265704
Detroit;2013;10;1226888;131224;1358112
Detroit;2013;11;1096434;114005;1210439
Detroit;2013;12;1142203;135806;1278009
Detroit;2014;1;970796;120241;1091037
Detroit;2014;2;985128;111301;1096429
Detroit;2014;3;1238786;141164;1379950
Detroit;2014;4;1203220;131291;1334511
Detroit;2014;5;1253269;153586;1406855
Detroit;2014;6;1250493;166368;1416861
Detroit;2014;7;1290602;151542;1442144
Detroit;2014;8;1289396;15888;1448276
Detroit;2014;9;1158319;139591;1297910
Detroit;2014;10;1239780;126523;1366303
Detroit;2014;11;1110762;106709;1217471
Detroit;2014;12;1127486;133465;1260951
Detroit;2015;1;984487;120801;1105288
Detroit;2015;2;992106;100813;1092919
Detroit;2015;3;1249641;132123;1381764
Detroit;2015;4;1208663;128761;1337424
Detroit;2015;5;1274615;154334;1428949
Detroit;2015;6;1282490;155778;1438268
Detroit;2015;7;1357121;145194;1502315
Detroit;2015;8;1360841;151681;1512522
Detroit;2015;9;1203506;139162;1342668
Detroit;2015;10;1308716;132752;1441468
Detroit;2015;11;1218881;106912;1325793
Detroit;2015;12;1199337;126755;1326092
Detroit;2016;1;1081475;121612;1203087
Detroit;2016;2;1073200;108601;1181801
Detroit;2016;3;1293571;138074;1431645
Detroit;2016;4;1246240;13294;1379180
Detroit;2016;5;1373680;155964;1529644
Detroit;2016;6;1364357;158521;1522878
Detroit;2016;7;1376841;147059;1523900
Detroit;2016;8;1355297;147608;1502905
Detroit;2016;9;1244846;140012;1384858
Detroit;2016;10;1334682;129755;1464437
Detroit;2016;11;1243670;108432;1352102
Detroit;2016;12;1214116;140267;1354383
Houston;2007;1;1328594;292154;1620748
Houston;2007;2;1264355;266605;1530960
Houston;2007;3;1480625;330012;1810637
Houston;2007;4;1436668;305388;1742056
Houston;2007;5;1495984;325722;1821706
Houston;2007;6;1482370;369958;1852328
Houston;2007;7;1497577;379766;1877343
Houston;2007;8;1488465;340362;1828827
Houston;2007;9;1269101;251529;1520630
Houston;2007;10;1419649;2658;1685449
Houston;2007;11;1389471;288939;1678410
Houston;2007;12;1410862;341254;1752116
Houston;2008;1;1317951;302206;1620157
Houston;2008;2;1280580;299469;1580049
Houston;2008;3;1465793;360875;1826668
Houston;2008;4;1396235;307797;1704032
Houston;2008;5;1458345;345179;1803524
Houston;2008;6;1475219;379993;1855212
Houston;2008;7;1494863;396118;1890981
Houston;2008;8;1445753;354982;1800735
Houston;2008;9;1012126;211789;1223915
Houston;2008;10;1293248;26714;1560388
Houston;2008;11;1202042;284876;1486918
Houston;2008;12;1320639;340065;1660704
Houston;2009;1;1151808;30142;1453228
Houston;2009;2;1071693;269542;1341235
Houston;2009;3;1341263;329488;1670751
Houston;2009;4;1284623;306912;1591535
Houston;2009;5;1316216;276985;1593201
Houston;2009;6;1407323;379585;1786908
Houston;2009;7;1493255;395341;1888596
Houston;2009;8;1384861;34859;1733451
Houston;2009;9;1171429;251949;1423378
Houston;2009;10;1288819;279198;1568017
Houston;2009;11;1213534;299886;1513420
Houston;2009;12;1318970;372382;1691352
Houston;2010;1;1157643;329497;1487140
Houston;2010;2;1084944;2955;1380444
Houston;2010;3;1293924;349516;1643440
Houston;2010;4;1254619;310352;1564971
Houston;2010;5;1321714;34497;1666684
Houston;2010;6;1408622;39517;1803792
Houston;2010;7;1441912;429835;1871747
Houston;2010;8;1352846;353551;1706397
Houston;2010;9;1177856;289206;1467062
Houston;2010;10;1298975;318171;1617146
Houston;2010;11;1239234;332511;1571745
Houston;2010;12;1301427;406333;1707760
Houston;2011;1;1141109;358516;1499625
Houston;2011;2;1005238;296226;1301464
Houston;2011;3;1296916;366979;1663895
Houston;2011;4;1223696;334878;1558574
Houston;2011;5;1337383;373458;1710841
Houston;2011;6;1398560;407604;1806164
Houston;2011;7;1464293;436442;1900735
Houston;2011;8;1338752;346931;1685683
Houston;2011;9;1154299;27478;1429079
Houston;2011;10;1222640;289855;1512495
Houston;2011;11;1218896;314991;1533887
Houston;2011;12;1263638;397696;1661334
Houston;2012;1;1130192;346457;1476649
Houston;2012;2;1084285;299272;1383557
Houston;2012;3;1275278;368234;1643512
Houston;2012;4;1248748;338064;1586812
Houston;2012;5;1309413;366711;1676124
Houston;2012;6;1349918;422089;1772007
Houston;2012;7;1359565;429328;1788893
Houston;2012;8;1313780;360233;1674013
Houston;2012;9;1108994;290253;1399247
Houston;2012;10;1207398;301899;1509297
Houston;2012;11;1188212;325539;1513751
Houston;2012;12;1195622;382385;1578007
Houston;2013;1;1125950;342707;1468657
Houston;2013;2;1059035;295641;1354676
Houston;2013;3;1261911;383652;1645563
Houston;2013;4;1175697;341089;1516786
Houston;2013;5;1270301;375302;1645603
Houston;2013;6;1326898;422118;1749016
Houston;2013;7;1315762;442803;1758565
Houston;2013;8;1269081;370787;1639868
Houston;2013;9;1105864;297789;1403653
Houston;2013;10;1207595;32523;1532825
Houston;2013;11;1163500;342915;1506415
Houston;2013;12;1276646;413218;1689864
Houston;2014;1;1122642;376862;1499504
Houston;2014;2;1081987;32722;1409207
Houston;2014;3;1292441;410358;1702799
Houston;2014;4;1178387;379898;1558285
Houston;2014;5;1291450;429965;1721415
Houston;2014;6;1299147;468023;1767170
Houston;2014;7;1376733;471128;1847861
Houston;2014;8;1308951;405151;1714102
Houston;2014;9;1170439;323148;1493587
Houston;2014;10;1305649;340063;1645712
Houston;2014;11;1238351;363967;1602318
Houston;2014;12;1309426;448797;1758223
Houston;2015;1;1176760;389455;1566215
Houston;2015;2;1095443;343202;1438645
Houston;2015;3;1293580;425093;1718673
Houston;2015;4;1245000;381532;1626532
Houston;2015;5;1336413;44145;1777863
Houston;2015;6;1374436;509129;1883565
Houston;2015;7;1429082;544993;1974075
Houston;2015;8;1312525;454784;1767309
Houston;2015;9;1199266;350842;1550108
Houston;2015;10;1345381;386601;1731982
Houston;2015;11;1307664;409429;1717093
Houston;2015;12;1344847;506245;1851092
Houston;2016;1;1206271;437685;1643956
Houston;2016;2;1121224;37793;1499154
Houston;2016;3;1245703;452436;1698139
Houston;2016;4;1171790;382336;1554126
Houston;2016;5;1280153;45817;1738323
Houston;2016;6;1335173;526883;1862056
Houston;2016;7;1323526;546629;1870155
Houston;2016;8;1229629;441854;1671483
Houston;2016;9;1152382;368761;1521143
Houston;2016;10;1246283;386726;1633009
Houston;2016;11;1204732;394095;1598827
Houston;2016;12;1255749;493579;1749328
Las Vegas;2007;1;1625850;87562;1713412
Las Vegas;2007;2;1520831;74773;1595604
Las Vegas;2007;3;1843701;93016;1936717
Las Vegas;2007;4;1784150;89557;1873707
Las Vegas;2007;5;1838159;91774;1929933
Las Vegas;2007;6;1851110;83613;1934723
Las Vegas;2007;7;1900139;825;1982639
Las Vegas;2007;8;1892959;9059;1983549
Las Vegas;2007;9;1708629;91469;1800098
Las Vegas;2007;10;1810917;99492;1910409
Las Vegas;2007;11;1673529;96971;1770500
Las Vegas;2007;12;1630878;91573;1722451
Las Vegas;2008;1;1599175;91672;1690847
Las Vegas;2008;2;1580111;110881;1690992
Las Vegas;2008;3;1851918;100699;1952617
Las Vegas;2008;4;1707404;93755;1801159
Las Vegas;2008;5;1776851;90315;1867166
Las Vegas;2008;6;1754604;81047;1835651
Las Vegas;2008;7;1746025;78889;1824914
Las Vegas;2008;8;1727212;88193;1815405
Las Vegas;2008;9;1507243;81665;1588908
Las Vegas;2008;10;1578004;90171;1668175
Las Vegas;2008;11;1436176;1024;1538576
Las Vegas;2008;12;1385793;89616;1475409
Las Vegas;2009;1;1351069;92886;1443955
Las Vegas;2009;2;1341869;95374;1437243
Las Vegas;2009;3;1646877;107382;1754259
Las Vegas;2009;4;1592761;111786;1704547
Las Vegas;2009;5;1592854;89353;1682207
Las Vegas;2009;6;1570293;77253;1647546
Las Vegas;2009;7;1594805;75111;1669916
Las Vegas;2009;8;1581742;82719;1664461
Las Vegas;2009;9;1494575;84217;1578792
Las Vegas;2009;10;1557715;97384;1655099
Las Vegas;2009;11;1458581;103314;1561895
Las Vegas;2009;12;1346139;88816;1434955
Las Vegas;2010;1;1353285;94489;1447774
Las Vegas;2010;2;1252660;8859;1341250
Las Vegas;2010;3;1573815;101108;1674923
Las Vegas;2010;4;1494961;99028;1593989
Las Vegas;2010;5;1567800;97686;1665486
Las Vegas;2010;6;1526961;85393;1612354
Las Vegas;2010;7;1563643;85158;1648801
Las Vegas;2010;8;1581372;86641;1668013
Las Vegas;2010;9;1443952;8148;1525432
Las Vegas;2010;10;1610890;89151;1700041
Las Vegas;2010;11;1454465;8523;1539695
Las Vegas;2010;12;1350636;81373;1432009
Las Vegas;2011;1;1435181;91424;1526605
Las Vegas;2011;2;1285146;84176;1369322
Las Vegas;2011;3;1581419;10093;1682349
Las Vegas;2011;4;1523448;11065;1634098
Las Vegas;2011;5;1643972;106583;1750555
Las Vegas;2011;6;1591291;101162;1692453
Las Vegas;2011;7;1631603;99544;1731147
Las Vegas;2011;8;1622460;106329;1728789
Las Vegas;2011;9;1550101;110686;1660787
Las Vegas;2011;10;1668399;12098;1789379
Las Vegas;2011;11;1479988;121027;1601015
Las Vegas;2011;12;1398145;10342;1501565
Las Vegas;2012;1;1426915;112233;1539148
Las Vegas;2012;2;1360644;97667;1458311
Las Vegas;2012;3;1604253;117741;1721994
Las Vegas;2012;4;1572902;120907;1693809
Las Vegas;2012;5;1616608;119896;1736504
Las Vegas;2012;6;1596017;112087;1708104
Las Vegas;2012;7;1627857;110078;1737935
Las Vegas;2012;8;1596097;116754;1712851
Las Vegas;2012;9;1500764;119389;1620153
Las Vegas;2012;10;1629585;128527;1758112
Las Vegas;2012;11;1461350;125841;1587191
Las Vegas;2012;12;1388103;110207;1498310
Las Vegas;2013;1;1388479;112638;1501117
Las Vegas;2013;2;1303008;105954;1408962
Las Vegas;2013;3;1612579;121674;1734253
Las Vegas;2013;4;1565466;128269;1693735
Las Vegas;2013;5;1640524;127535;1768059
Las Vegas;2013;6;1630618;118617;1749235
Las Vegas;2013;7;1614767;112148;1726915
Las Vegas;2013;8;1577227;122619;1699846
Las Vegas;2013;9;1525587;123691;1649278
Las Vegas;2013;10;1649844;131036;1780880
Las Vegas;2013;11;1460896;122921;1583817
Las Vegas;2013;12;1433515;111694;1545209
Las Vegas;2014;1;1449072;120816;1569888
Las Vegas;2014;2;1341212;10117;1442382
Las Vegas;2014;3;1661002;132882;1793884
Las Vegas;2014;4;1569786;139058;1708844
Las Vegas;2014;5;1642970;145967;1788937
Las Vegas;2014;6;1639854;139877;1779731
Las Vegas;2014;7;1625429;132757;1758186
Las Vegas;2014;8;1614346;147514;1761860
Las Vegas;2014;9;1552054;143225;1695279
Las Vegas;2014;10;1671608;188827;1860435
Las Vegas;2014;11;1500638;127243;1627881
Las Vegas;2014;12;1444360;118778;1563138
Las Vegas;2015;1;1457491;125091;1582582
Las Vegas;2015;2;1384573;117756;1502329
Las Vegas;2015;3;1701881;138134;1840015
Las Vegas;2015;4;1653460;152764;1806224
Las Vegas;2015;5;1749198;155528;1904726
Las Vegas;2015;6;1738403;145608;1884011
Las Vegas;2015;7;1775965;141003;1916968
Las Vegas;2015;8;1771282;150765;1922047
Las Vegas;2015;9;1635511;151564;1787075
Las Vegas;2015;10;1805783;155561;1961344
Las Vegas;2015;11;1671596;14185;1813446
Las Vegas;2015;12;1593694;125548;1719242
Las Vegas;2016;1;1596221;12644;1722661
Las Vegas;2016;2;1508235;114996;1623231
Las Vegas;2016;3;1799841;137169;1937010
Las Vegas;2016;4;1725535;144335;1869870
Las Vegas;2016;5;1815626;161937;1977563
Las Vegas;2016;6;1816707;157843;1974550
Las Vegas;2016;7;1828917;146432;1975349
Las Vegas;2016;8;1805580;157328;1962908
Las Vegas;2016;9;1748183;157289;1905472
Las Vegas;2016;10;1875471;169783;2045254
Las Vegas;2016;11;1713321;146997;1860318
Las Vegas;2016;12;1631430;130086;1761516
Los Angeles;2007;1;1607153;643785;2250938
Los Angeles;2007;2;1498540;568061;2066601
Los Angeles;2007;3;1860164;679454;2539618
Los Angeles;2007;4;1826651;656073;2482724
Los Angeles;2007;5;1847406;697499;2544905
Los Angeles;2007;6;1995580;766492;2762072
Los Angeles;2007;7;2087248;813278;2900526
Los Angeles;2007;8;2121246;783716;2904962
Los Angeles;2007;9;1644719;650628;2295347
Los Angeles;2007;10;1753267;667827;2421094
Los Angeles;2007;11;1750143;64478;2394923
Los Angeles;2007;12;1773523;745366;2518889
Los Angeles;2008;1;1592544;705041;2297585
Los Angeles;2008;2;1532242;601655;2133897
Los Angeles;2008;3;1814625;700913;2515538
Los Angeles;2008;4;1733686;63083;2364516
Los Angeles;2008;5;1829683;712002;2541685
Los Angeles;2008;6;1961443;77397;2735413
Los Angeles;2008;7;2028005;755287;2783292
Los Angeles;2008;8;2022602;738906;2761508
Los Angeles;2008;9;1520214;603157;2123371
Los Angeles;2008;10;1621964;622124;2244088
Los Angeles;2008;11;1498081;566725;2064806
Los Angeles;2008;12;1619412;638452;2257864
Los Angeles;2009;1;1430889;585423;2016312
Los Angeles;2009;2;1345676;498949;1844625
Los Angeles;2009;3;1660896;577821;2238717
Los Angeles;2009;4;1672419;581804;2254223
Los Angeles;2009;5;1696267;562614;2258881
Los Angeles;2009;6;1855874;644777;2500651
Los Angeles;2009;7;1976827;71737;2694197
Los Angeles;2009;8;1952178;690076;2642254
Los Angeles;2009;9;1584158;595756;2179914
Los Angeles;2009;10;1685663;629728;2315391
Los Angeles;2009;11;1581536;576365;2157901
Los Angeles;2009;12;1682151;682927;2365078
Los Angeles;2010;1;1536125;630506;2166631
Los Angeles;2010;2;1376241;542452;1918693
Los Angeles;2010;3;1753492;619127;2372619
Los Angeles;2010;4;1726373;591192;2317565
Los Angeles;2010;5;1772082;653625;2425707
Los Angeles;2010;6;1957415;709203;2666618
Los Angeles;2010;7;2033895;74565;2779545
Los Angeles;2010;8;2044854;697381;2742235
Los Angeles;2010;9;1685182;610584;2295766
Los Angeles;2010;10;1796893;623355;2420248
Los Angeles;2010;11;1710005;590548;2300553
Los Angeles;2010;12;1771068;650446;2421514
Los Angeles;2011;1;1609702;639308;2249010
Los Angeles;2011;2;1474587;553811;2028398
Los Angeles;2011;3;1819697;636397;2456094
Los Angeles;2011;4;1820448;64301;2463458
Los Angeles;2011;5;1928013;699183;2627196
Los Angeles;2011;6;2080569;744409;2824978
Los Angeles;2011;7;2195514;782742;2978256
Los Angeles;2011;8;2164073;740679;2904752
Los Angeles;2011;9;1806812;66544;2472252
Los Angeles;2011;10;1871127;67959;2550717
Los Angeles;2011;11;1804587;600549;2405136
Los Angeles;2011;12;1864639;68014;2544779
Los Angeles;2012;1;1711549;671022;2382571
Los Angeles;2012;2;1621215;570782;2191997
Los Angeles;2012;3;1949639;660016;2609655
Los Angeles;2012;4;1892632;648247;2540879
Los Angeles;2012;5;1949002;705836;2654838
Los Angeles;2012;6;2102307;768084;2870391
Los Angeles;2012;7;2216144;797168;3013312
Los Angeles;2012;8;2223302;761764;2985066
Los Angeles;2012;9;1807584;668794;2476378
Los Angeles;2012;10;1872910;687433;2560343
Los Angeles;2012;11;1821117;614447;2435564
Los Angeles;2012;12;1852211;707209;2559420
Los Angeles;2013;1;1714369;680649;2395018
Los Angeles;2013;2;1583359;57458;2157939
Los Angeles;2013;3;1976624;677131;2653755
Los Angeles;2013;4;1928911;657324;2586235
Los Angeles;2013;5;2051053;739092;2790145
Los Angeles;2013;6;2234306;790191;3024497
Los Angeles;2013;7;2295509;833507;3129016
Los Angeles;2013;8;2266161;824278;3090439
Los Angeles;2013;9;1863099;705866;2568965
Los Angeles;2013;10;1981708;729792;2711500
Los Angeles;2013;11;1839776;651075;2490851
Los Angeles;2013;12;2083744;731817;2815561
Los Angeles;2014;1;1883198;731406;2614604
Los Angeles;2014;2;1686840;602357;2289197
Los Angeles;2014;3;2098247;725353;2823600
Los Angeles;2014;4;2048064;712497;2760561
Los Angeles;2014;5;2149139;808653;2957792
Los Angeles;2014;6;2315008;859594;3174602
Los Angeles;2014;7;2421922;884978;3306900
Los Angeles;2014;8;2380397;897277;3277674
Los Angeles;2014;9;1951767;741257;2693024
Los Angeles;2014;10;2070274;782741;2853015
Los Angeles;2014;11;1996507;674707;2671214
Los Angeles;2014;12;2123911;771662;2895573
Los Angeles;2015;1;1914433;74508;2659513
Los Angeles;2015;2;1778452;648298;2426750
Los Angeles;2015;3;2220762;755833;2976595
Los Angeles;2015;4;2135265;741745;2877010
Los Angeles;2015;5;2260168;829319;3089487
Los Angeles;2015;6;2438074;907279;3345353
Los Angeles;2015;7;2534715;97348;3508195
Los Angeles;2015;8;2487020;973311;3460331
Los Angeles;2015;9;2102806;82541;2928216
Los Angeles;2015;10;2254127;8629;3117027
Los Angeles;2015;11;2158771;764557;2923328
Los Angeles;2015;12;2269240;856502;3125742
Los Angeles;2016;1;2046201;828579;2874780
Los Angeles;2016;2;1933043;740819;2673862
Los Angeles;2016;3;2336773;849525;3186298
Los Angeles;2016;4;2252556;814467;3067023
Los Angeles;2016;5;2393821;927777;3321598
Los Angeles;2016;6;2695951;1036677;3732628
Los Angeles;2016;7;2766897;1083656;3850553
Los Angeles;2016;8;2661011;1049834;3710845
Los Angeles;2016;9;2318270;922437;3240707
Los Angeles;2016;10;2407038;950997;3358035
Los Angeles;2016;11;2327993;872446;3200439
Los Angeles;2016;12;2369272;1019926;3389198
Miami;2007;1;752384;624549;1376933
Miami;2007;2;664147;548914;1213061
Miami;2007;3;788841;634794;1423635
Miami;2007;4;762349;598519;1360868
Miami;2007;5;721463;615905;1337368
Miami;2007;6;70678;664763;1371543
Miami;2007;7;737517;728887;1466404
Miami;2007;8;71707;685608;1402678
Miami;2007;9;593269;555879;1149148
Miami;2007;10;659083;585539;1244622
Miami;2007;11;678868;620219;1299087
Miami;2007;12;681683;708681;1390364
Miami;2008;1;75613;65611;1412240
Miami;2008;2;675946;601105;1277051
Miami;2008;3;790006;701687;1491693
Miami;2008;4;724212;580197;1304409
Miami;2008;5;721541;647731;1369272
Miami;2008;6;688814;693022;1381836
Miami;2008;7;714036;744081;1458117
Miami;2008;8;711052;716326;1427378
Miami;2008;9;56494;5661;1131040
Miami;2008;10;639285;597623;1236908
Miami;2008;11;666483;641542;1308025
Miami;2008;12;686694;725929;1412623
Miami;2009;1;742497;682321;1424818
Miami;2009;2;648064;580488;1228552
Miami;2009;3;762226;639892;1402118
Miami;2009;4;741959;634494;1376453
Miami;2009;5;712551;607264;1319815
Miami;2009;6;681128;67271;1353838
Miami;2009;7;724223;734278;1458501
Miami;2009;8;717696;70798;1425676
Miami;2009;9;567048;557048;1124096
Miami;2009;10;63496;596522;1231482
Miami;2009;11;649315;632144;1281459
Miami;2009;12;673632;729381;1403013
Miami;2010;1;759974;69165;1451624
Miami;2010;2;649179;591185;1240364
Miami;2010;3;781284;671909;1453193
Miami;2010;4;764567;640803;1405370
Miami;2010;5;737901;662161;1400062
Miami;2010;6;713998;702753;1416751
Miami;2010;7;734428;777034;1511462
Miami;2010;8;742439;738165;1480604
Miami;2010;9;615161;588305;1203466
Miami;2010;10;693974;633283;1327257
Miami;2010;11;710313;66412;1374433
Miami;2010;12;73074;752892;1483632
Miami;2011;1;80159;7436;1545190
Miami;2011;2;693687;639981;1333668
Miami;2011;3;820206;727786;1547992
Miami;2011;4;783801;699675;1483476
Miami;2011;5;794527;721925;1516452
Miami;2011;6;757246;755183;1512429
Miami;2011;7;81608;851158;1667238
Miami;2011;8;773641;76372;1537361
Miami;2011;9;646651;662889;1309540
Miami;2011;10;717371;700758;1418129
Miami;2011;11;751395;747069;1498464
Miami;2011;12;777688;83375;1611438
Miami;2012;1;859317;823402;1682719
Miami;2012;2;754892;722906;1477798
Miami;2012;3;867495;790587;1658082
Miami;2012;4;849458;75343;1602888
Miami;2012;5;798428;751176;1549604
Miami;2012;6;782753;788461;1571214
Miami;2012;7;808468;871126;1679594
Miami;2012;8;761745;795013;1556758
Miami;2012;9;624991;681946;1306937
Miami;2012;10;672441;698409;1370850
Miami;2012;11;718311;785003;1503314
Miami;2012;12;755257;854102;1609359
Miami;2013;1;834083;850877;1684960
Miami;2013;2;723679;762123;1485802
Miami;2013;3;86747;839061;1706531
Miami;2013;4;800625;779677;1580302
Miami;2013;5;785385;817188;1602573
Miami;2013;6;766159;844514;1610673
Miami;2013;7;796785;913078;1709863
Miami;2013;8;792226;861931;1654157
Miami;2013;9;647545;702568;1350113
Miami;2013;10;706172;746452;1452624
Miami;2013;11;712697;780002;1492699
Miami;2013;12;794488;930695;1725183
Miami;2014;1;843994;894467;1738461
Miami;2014;2;741783;757139;1498922
Miami;2014;3;889247;828811;1718058
Miami;2014;4;824811;778736;1603547
Miami;2014;5;825744;80317;1628914
Miami;2014;6;776491;828078;1604569
Miami;2014;7;812703;871276;1683979
Miami;2014;8;79559;845899;1641489
Miami;2014;9;635746;693421;1329167
Miami;2014;10;708552;729666;1438218
Miami;2014;11;730304;773723;1504027
Miami;2014;12;810264;903193;1713457
Miami;2015;1;885039;912956;1797995
Miami;2015;2;779188;799019;1578207
Miami;2015;3;932449;817642;1750091
Miami;2015;4;905409;803191;1708600
Miami;2015;5;893294;816213;1709507
Miami;2015;6;859897;858399;1718296
Miami;2015;7;921411;932709;1854120
Miami;2015;8;915764;893606;1809370
Miami;2015;9;777752;74496;1522712
Miami;2015;10;857871;781728;1639599
Miami;2015;11;848228;806281;1654509
Miami;2015;12;906727;946659;1853386
Miami;2016;1;950727;919941;1870668
Miami;2016;2;861265;779673;1640938
Miami;2016;3;991639;850815;1842454
Miami;2016;4;928251;753117;1681368
Miami;2016;5;94551;80576;1751270
Miami;2016;6;88497;830078;1715048
Miami;2016;7;925152;924437;1849589
Miami;2016;8;881442;865934;1747376
Miami;2016;9;739093;719831;1458924
Miami;2016;10;759651;738395;1498046
Miami;2016;11;82182;793168;1614988
Miami;2016;12;866446;968068;1834514
Minneapolis;2007;1;1168539;102983;1271522
Minneapolis;2007;2;1125777;109197;1234974
Minneapolis;2007;3;1405167;144144;1549311
Minneapolis;2007;4;1270120;96731;1366851
Minneapolis;2007;5;1334470;9423;1428700
Minneapolis;2007;6;1421756;100805;1522561
Minneapolis;2007;7;1488823;101788;1590611
Minneapolis;2007;8;1444369;101816;1546185
Minneapolis;2007;9;1196406;9115;1287556
Minneapolis;2007;10;1293596;89042;1382638
Minneapolis;2007;11;1243373;84599;1327972
Minneapolis;2007;12;1247936;98147;1346083
Minneapolis;2008;1;1178709;110385;1289094
Minneapolis;2008;2;1167149;126807;1293956
Minneapolis;2008;3;1389000;156945;1545945
Minneapolis;2008;4;1224795;99099;1323894
Minneapolis;2008;5;1290240;107013;1397253
Minneapolis;2008;6;1391749;108347;1500096
Minneapolis;2008;7;1461833;110255;1572088
Minneapolis;2008;8;1366455;110746;1477201
Minneapolis;2008;9;1130485;92349;1222834
Minneapolis;2008;10;1201643;84291;1285934
Minneapolis;2008;11;1073396;71837;1145233
Minneapolis;2008;12;1173735;88577;1262312
Minneapolis;2009;1;1046294;106346;1152640
Minneapolis;2009;2;1027263;113192;1140455
Minneapolis;2009;3;1295015;131112;1426127
Minneapolis;2009;4;1159852;92408;1252260
Minneapolis;2009;5;1205801;85007;1290808
Minneapolis;2009;6;1391201;93596;1484797
Minneapolis;2009;7;1506966;10105;1608016
Minneapolis;2009;8;1395016;96095;1491111
Minneapolis;2009;9;1106408;75671;1182079
Minneapolis;2009;10;1134695;728;1207495
Minneapolis;2009;11;1041930;62806;1104736
Minneapolis;2009;12;1098521;75141;1173662
Minneapolis;2010;1;1015067;91692;1106759
Minneapolis;2010;2;986381;102009;1088390
Minneapolis;2010;3;1293097;125874;1418971
Minneapolis;2010;4;1106594;7995;1186544
Minneapolis;2010;5;1172990;92122;1265112
Minneapolis;2010;6;1342023;99675;1441698
Minneapolis;2010;7;1438239;104651;1542890
Minneapolis;2010;8;1399260;98802;1498062
Minneapolis;2010;9;1171532;90042;1261574
Minneapolis;2010;10;1228377;88691;1317068
Minneapolis;2010;11;1098529;74255;1172784
Minneapolis;2010;12;1105035;83843;1188878
Minneapolis;2011;1;1042277;94489;1136766
Minneapolis;2011;2;961762;94366;1056128
Minneapolis;2011;3;1282441;123623;1406064
Minneapolis;2011;4;1128011;86591;1214602
Minneapolis;2011;5;1237996;93843;1331839
Minneapolis;2011;6;1400635;97528;1498163
Minneapolis;2011;7;1513587;100156;1613743
Minneapolis;2011;8;1470361;100964;1571325
Minneapolis;2011;9;1223144;8744;1310584
Minneapolis;2011;10;1257864;81826;1339690
Minneapolis;2011;11;1132926;6489;1197816
Minneapolis;2011;12;1112048;78377;1190425
Minneapolis;2012;1;1036511;90103;1126614
Minneapolis;2012;2;1030545;99975;1130520
Minneapolis;2012;3;1304279;133371;1437650
Minneapolis;2012;4;1140878;75164;1216042
Minneapolis;2012;5;1229530;85812;1315342
Minneapolis;2012;6;1396831;93524;1490355
Minneapolis;2012;7;1478756;94202;1572958
Minneapolis;2012;8;1474488;98419;1572907
Minneapolis;2012;9;1183175;8353;1266705
Minneapolis;2012;10;1284775;80172;1364947
Minneapolis;2012;11;1161880;67358;1229238
Minneapolis;2012;12;1113272;8019;1193462
Minneapolis;2013;1;1073192;91804;1164996
Minneapolis;2013;2;1036705;100752;1137457
Minneapolis;2013;3;1322018;130741;1452759
Minneapolis;2013;4;1170636;77945;1248581
Minneapolis;2013;5;1270649;922;1362849
Minneapolis;2013;6;1401851;10427;1506121
Minneapolis;2013;7;1481030;10273;1583760
Minneapolis;2013;8;1482080;110495;1592575
Minneapolis;2013;9;1223099;90278;1313377
Minneapolis;2013;10;1289521;82325;1371846
Minneapolis;2013;11;1136761;66888;1203649
Minneapolis;2013;12;1226373;84651;1311024
Minneapolis;2014;1;1109560;95884;1205444
Minneapolis;2014;2;1079239;109762;1189001
Minneapolis;2014;3;1422981;142537;1565518
Minneapolis;2014;4;1231600;83053;1314653
Minneapolis;2014;5;1322080;91384;1413464
Minneapolis;2014;6;1452389;10543;1557819
Minneapolis;2014;7;1564523;105164;1669687
Minneapolis;2014;8;1526586;11198;1638566
Minneapolis;2014;9;1283181;90422;1373603
Minneapolis;2014;10;1358098;81666;1439764
Minneapolis;2014;11;1167342;68102;1235444
Minneapolis;2014;12;1253765;89202;1342967
Minneapolis;2015;1;1143519;116026;1259545
Minneapolis;2015;2;1112921;124498;1237419
Minneapolis;2015;3;1428037;154129;1582166
Minneapolis;2015;4;1261045;9238;1353425
Minneapolis;2015;5;1359386;100453;1459839
Minneapolis;2015;6;1441354;110152;1551506
Minneapolis;2015;7;1614267;111651;1725918
Minneapolis;2015;8;1588914;114868;1703782
Minneapolis;2015;9;1363681;9902;1462701
Minneapolis;2015;10;1445615;92086;1537701
Minneapolis;2015;11;1277875;75304;1353179
Minneapolis;2015;12;1285103;100471;1385574
Minneapolis;2016;1;1183533;132267;1315800
Minneapolis;2016;2;1142394;139313;1281707
Minneapolis;2016;3;1444320;168292;1612612
Minneapolis;2016;4;1309369;104176;1413545
Minneapolis;2016;5;1413494;103485;1516979
Minneapolis;2016;6;1550710;127692;1678402
Minneapolis;2016;7;1644410;126823;1771233
Minneapolis;2016;8;1518507;120545;1639052
Minneapolis;2016;9;1396600;101335;1497935
Minneapolis;2016;10;1475065;85455;1560520
Minneapolis;2016;11;1320236;73369;1393605
Minneapolis;2016;12;1309932;101733;1411665
New York;2007;1;955506;714831;1670337
New York;2007;2;833932;626947;1460879
New York;2007;3;1083416;822638;1906054
New York;2007;4;1075930;823068;1898998
New York;2007;5;1092079;8992;1991279
New York;2007;6;1110430;1025256;2135686
New York;2007;7;1231490;1060929;2292419
New York;2007;8;1228913;1050456;2279369
New York;2007;9;959361;900203;1859564
New York;2007;10;1052152;872296;1924448
New York;2007;11;1032271;83954;1871811
New York;2007;12;1033487;945784;1979271
New York;2008;1;950531;776813;1727344
New York;2008;2;900436;721064;1621500
New York;2008;3;1089610;885758;1975368
New York;2008;4;1065183;866478;1931661
New York;2008;5;1082969;979518;2062487
New York;2008;6;1125329;1033720;2159049
New York;2008;7;1265201;1093484;2358685
New York;2008;8;1213087;1121947;2335034
New York;2008;9;92673;903413;1830143
New York;2008;10;1003129;890575;1893704
New York;2008;11;945824;827131;1772955
New York;2008;12;1020675;930749;1951424
New York;2009;1;88304;760109;1643149
New York;2009;2;833411;660631;1494042
New York;2009;3;997754;778057;1775811
New York;2009;4;1023165;852045;1875210
New York;2009;5;1040946;900453;1941399
New York;2009;6;1066992;993978;2060970
New York;2009;7;1204037;1104964;2309001
New York;2009;8;1180984;1096825;2277809
New York;2009;9;902535;920024;1822559
New York;2009;10;973578;913546;1887124
New York;2009;11;90758;82155;1729130
New York;2009;12;966276;937148;1903424
New York;2010;1;852302;780825;1633127
New York;2010;2;751583;674021;1425604
New York;2010;3;985765;855225;1840990
New York;2010;4;915337;818054;1733391
New York;2010;5;96602;1002951;1968971
New York;2010;6;99311;1111670;2104780
New York;2010;7;1135253;1192238;2327491
New York;2010;8;1107625;1155889;2263514
New York;2010;9;920603;981957;1902560
New York;2010;10;1015697;972046;1987743
New York;2010;11;952443;859307;1811750
New York;2010;12;951972;940479;1892451
New York;2011;1;860442;801222;1661664
New York;2011;2;806026;694915;1500941
New York;2011;3;1009912;872105;1882017
New York;2011;4;997188;940118;1937306
New York;2011;5;1027829;1045348;2073177
New York;2011;6;1041455;1122608;2164063
New York;2011;7;1180319;1215149;2395468
New York;2011;8;1084316;1136791;2221107
New York;2011;9;935908;1009778;1945686
New York;2011;10;1003955;985802;1989757
New York;2011;11;961813;882201;1844014
New York;2011;12;97046;1000062;1970522
New York;2012;1;900373;830723;1731096
New York;2012;2;855643;74715;1602793
New York;2012;3;1052672;918044;1970716
New York;2012;4;1009278;982276;1991554
New York;2012;5;1018812;1071082;2089894
New York;2012;6;1064923;1213994;2278917
New York;2012;7;1167626;1273540;2441166
New York;2012;8;1158267;1273382;2431649
New York;2012;9;94599;1056459;2002449
New York;2012;10;964615;953692;1918307
New York;2012;11;940325;92519;1865515
New York;2012;12;1010049;1072148;2082197
New York;2013;1;937083;901459;1838542
New York;2013;2;823324;773527;1596851
New York;2013;3;1046602;1015327;2061929
New York;2013;4;943975;979004;1922979
New York;2013;5;1016442;1165137;2181579
New York;2013;6;1046564;1265592;2312156
New York;2013;7;1151275;1319150;2470425
New York;2013;8;1136472;1336710;2473182
New York;2013;9;920954;1113147;2034101
New York;2013;10;1003247;1095773;2099020
New York;2013;11;904169;962838;1867007
New York;2013;12;1038037;1172656;2210693
New York;2014;1;866387;948564;1814951
New York;2014;2;807612;801447;1609059
New York;2014;3;1010959;993287;2004246
New York;2014;4;1045589;1105710;2151299
New York;2014;5;1081282;1260269;2341551
New York;2014;6;1097910;1341939;2439849
New York;2014;7;1208117;1379166;2587283
New York;2014;8;1201407;1444762;2646169
New York;2014;9;978965;1178195;2157160
New York;2014;10;1087714;1153132;2240846
New York;2014;11;981717;979115;1960832
New York;2014;12;1098969;1217050;2316019
New York;2015;1;941285;966342;1907627
New York;2015;2;876661;857878;1734539
New York;2015;3;1075427;1031387;2106814
New York;2015;4;1088856;1141002;2229858
New York;2015;5;1141202;1325983;2467185
New York;2015;6;1159556;1411155;2570711
New York;2015;7;1271834;1516234;2788068
New York;2015;8;1245569;1544994;2790563
New York;2015;9;1019901;1277880;2297781
New York;2015;10;1143591;1282421;2426012
New York;2015;11;1043124;1099667;2142791
New York;2015;12;1129645;1323350;2452995
New York;2016;1;984;1063968;2047968
New York;2016;2;966301;951516;1917817
New York;2016;3;1165379;1159286;2324665
New York;2016;4;1124187;1209962;2334149
New York;2016;5;1154146;1385640;2539786
New York;2016;6;1216211;1490072;2706283
New York;2016;7;1285653;1579693;2865346
New York;2016;8;1236095;1603245;2839340
New York;2016;9;1032095;1339312;2371407
New York;2016;10;1119211;1305029;2424240
New York;2016;11;1074599;1176299;2250898
New York;2016;12;1144559;1380025;2524584
Newark;2007;1;96089;364201;1325091
Newark;2007;2;907169;334653;1241822
Newark;2007;3;1112957;424839;1537796
Newark;2007;4;1134979;43065;1565629
Newark;2007;5;1123224;474358;1597582
Newark;2007;6;1130680;50786;1638540
Newark;2007;7;1192759;530108;1722867
Newark;2007;8;1215041;528267;1743308
Newark;2007;9;938591;43323;1371821
Newark;2007;10;1065858;435431;1501289
Newark;2007;11;1056205;405826;1462031
Newark;2007;12;1016620;437918;1454538
Newark;2008;1;958306;4025;1360806
Newark;2008;2;907816;373016;1280832
Newark;2008;3;1100138;471081;1571219
Newark;2008;4;1055874;45331;1509184
Newark;2008;5;1044509;510283;1554792
Newark;2008;6;1075007;526018;1601025
Newark;2008;7;1164267;549477;1713744
Newark;2008;8;1130979;559839;1690818
Newark;2008;9;855126;440901;1296027
Newark;2008;10;997298;43561;1432908
Newark;2008;11;896197;402534;1298731
Newark;2008;12;950189;425136;1375325
Newark;2009;1;805947;377019;1182966
Newark;2009;2;785043;329982;1115025
Newark;2009;3;956635;423754;1380389
Newark;2009;4;997668;474677;1472345
Newark;2009;5;960621;467579;1428200
Newark;2009;6;998124;486415;1484539
Newark;2009;7;1116452;537345;1653797
Newark;2009;8;1083534;547759;1631293
Newark;2009;9;847135;422118;1269253
Newark;2009;10;962946;435288;1398234
Newark;2009;11;891645;391918;1283563
Newark;2009;12;931197;447582;1378779
Newark;2010;1;799295;426235;1225530
Newark;2010;2;724054;349237;1073291
Newark;2010;3;989338;481362;1470700
Newark;2010;4;93839;446263;1384653
Newark;2010;5;921086;505934;1427020
Newark;2010;6;972511;54571;1518221
Newark;2010;7;1040497;578693;1619190
Newark;2010;8;1024887;554834;1579721
Newark;2010;9;813232;455936;1269168
Newark;2010;10;924137;471455;1395592
Newark;2010;11;883366;418838;1302204
Newark;2010;12;836003;44222;1278223
Newark;2011;1;729563;41606;1145623
Newark;2011;2;703522;353567;1057089
Newark;2011;3;915823;466564;1382387
Newark;2011;4;95656;494359;1450919
Newark;2011;5;963138;525476;1488614
Newark;2011;6;1021397;549641;1571038
Newark;2011;7;1102157;578366;1680523
Newark;2011;8;1017350;523215;1540565
Newark;2011;9;851579;466997;1318576
Newark;2011;10;931342;456307;1387649
Newark;2011;11;942301;417459;1359760
Newark;2011;12;941667;462383;1404050
Newark;2012;1;817666;414475;1232141
Newark;2012;2;798975;376165;1175140
Newark;2012;3;999231;471509;1470740
Newark;2012;4;1015324;483707;1499031
Newark;2012;5;997347;503288;1500635
Newark;2012;6;1056384;530145;1586529
Newark;2012;7;1095923;548735;1644658
Newark;2012;8;1088142;540947;1629089
Newark;2012;9;852045;450214;1302259
Newark;2012;10;890539;419384;1309923
Newark;2012;11;896683;396425;1293108
Newark;2012;12;938823;443444;1382267
Newark;2013;1;868374;419699;1288073
Newark;2013;2;796682;352555;1149237
Newark;2013;3;1015490;474984;1490474
Newark;2013;4;981243;473013;1454256
Newark;2013;5;1025239;518698;1543937
Newark;2013;6;1047664;536515;1584179
Newark;2013;7;1124033;543166;1667199
Newark;2013;8;1111497;544;1655497
Newark;2013;9;9137;452869;1366569
Newark;2013;10;1023206;450205;1473411
Newark;2013;11;946834;407066;1353900
Newark;2013;12;1049635;460082;1509717
Newark;2014;1;858112;402848;1260960
Newark;2014;2;770227;34859;1118817
Newark;2014;3;1030138;472682;1502820
Newark;2014;4;968181;488399;1456580
Newark;2014;5;975945;522807;1498752
Newark;2014;6;1057741;555984;1613725
Newark;2014;7;1130286;575163;1705449
Newark;2014;8;1123998;564947;1688945
Newark;2014;9;936313;467836;1404149
Newark;2014;10;999942;461735;1461677
Newark;2014;11;982559;440429;1422988
Newark;2014;12;1071400;503077;1574477
Newark;2015;1;888424;418521;1306945
Newark;2015;2;847323;37485;1222173
Newark;2015;3;1056040;472584;1528624
Newark;2015;4;1083734;488607;1572341
Newark;2015;5;1086155;51721;1603365
Newark;2015;6;1113792;546501;1660293
Newark;2015;7;1210580;578247;1788827
Newark;2015;8;1174150;573592;1747742
Newark;2015;9;1020600;458328;1478928
Newark;2015;10;1156776;454594;1611370
Newark;2015;11;1113198;417613;1530811
Newark;2015;12;1136944;493561;1630505
Newark;2016;1;9407;416032;1356732
Newark;2016;2;952707;394627;1347334
Newark;2016;3;1154930;481858;1636788
Newark;2016;4;1161310;467817;1629127
Newark;2016;5;1189681;522374;1712055
Newark;2016;6;1210770;551537;1762307
Newark;2016;7;1252847;594457;1847304
Newark;2016;8;1279572;589398;1868970
Newark;2016;9;1120219;48779;1608009
Newark;2016;10;1216463;467024;1683487
Newark;2016;11;1239573;434432;1674005
Newark;2016;12;1260438;507959;1768397
Orlando;2007;1;1319030;87801;1406831
Orlando;2007;2;1246576;83135;1329711
Orlando;2007;3;1512929;92315;1605244
Orlando;2007;4;1505207;101038;1606245
Orlando;2007;5;1459008;88093;1547101
Orlando;2007;6;1429838;81566;1511404
Orlando;2007;7;1492300;87209;1579509
Orlando;2007;8;1444745;100763;1545508
Orlando;2007;9;1100356;65901;1166257
Orlando;2007;10;1303194;76774;1379968
Orlando;2007;11;1336309;102794;1439103
Orlando;2007;12;1332061;100806;1432867
Orlando;2008;1;1383289;109239;1492528
Orlando;2008;2;1367644;108466;1476110
Orlando;2008;3;1619419;132945;1752364
Orlando;2008;4;1500050;124496;1624546
Orlando;2008;5;1434543;102455;1536998
Orlando;2008;6;1397859;88667;1486526
Orlando;2008;7;1440962;101798;1542760
Orlando;2008;8;1346136;120968;1467104
Orlando;2008;9;941173;78695;1019868
Orlando;2008;10;1166661;84751;1251412
Orlando;2008;11;1147394;111995;1259389
Orlando;2008;12;1234577;110963;1345540
Orlando;2009;1;1216935;1218;1338735
Orlando;2009;2;1154517;109459;1263976
Orlando;2009;3;1443660;122562;1566222
Orlando;2009;4;1370772;136789;1507561
Orlando;2009;5;1280923;116635;1397558
Orlando;2009;6;1285151;106673;1391824
Orlando;2009;7;1360363;121399;1481762
Orlando;2009;8;1294854;132857;1427711
Orlando;2009;9;966668;93886;1060554
Orlando;2009;10;1153117;109856;1262973
Orlando;2009;11;1154401;126221;1280622
Orlando;2009;12;1202474;123944;1326418
Orlando;2010;1;1238257;12734;1365597
Orlando;2010;2;1122586;115707;1238293
Orlando;2010;3;1439449;13142;1570869
Orlando;2010;4;1399838;143714;1543552
Orlando;2010;5;1304209;125472;1429681
Orlando;2010;6;1311898;121627;1433525
Orlando;2010;7;1418428;138404;1556832
Orlando;2010;8;1326496;138761;1465257
Orlando;2010;9;1037584;106774;1144358
Orlando;2010;10;1254938;121177;1376115
Orlando;2010;11;1283386;116142;1399528
Orlando;2010;12;1301169;130264;1431433
Orlando;2011;1;1278271;133227;1411498
Orlando;2011;2;1176605;123762;1300367
Orlando;2011;3;1513751;141111;1654862
Orlando;2011;4;1392844;152295;1545139
Orlando;2011;5;1386114;130596;1516710
Orlando;2011;6;1318063;126694;1444757
Orlando;2011;7;1429027;142989;1572016
Orlando;2011;8;1267673;153983;1421656
Orlando;2011;9;1043585;124406;1167991
Orlando;2011;10;1232841;138695;1371536
Orlando;2011;11;1242164;147889;1390053
Orlando;2011;12;1256245;146531;1402776
Orlando;2012;1;1248267;150135;1398402
Orlando;2012;2;1220839;140114;1360953
Orlando;2012;3;1470741;164944;1635685
Orlando;2012;4;1412747;174258;1587005
Orlando;2012;5;1331485;145956;1477441
Orlando;2012;6;1319435;140506;1459941
Orlando;2012;7;1369082;158729;1527811
Orlando;2012;8;1267087;167913;1435000
Orlando;2012;9;1003314;127082;1130396
Orlando;2012;10;1170961;136119;1307080
Orlando;2012;11;1218039;156075;1374114
Orlando;2012;12;1235144;157534;1392678
Orlando;2013;1;1231937;166834;1398771
Orlando;2013;2;1157669;149718;1307387
Orlando;2013;3;1459884;173171;1633055
Orlando;2013;4;1352095;179014;1531109
Orlando;2013;5;1309954;168308;1478262
Orlando;2013;6;1314938;14349;1458428
Orlando;2013;7;1312466;16626;1478726
Orlando;2013;8;1242508;176439;1418947
Orlando;2013;9;974698;137278;1111976
Orlando;2013;10;1147492;142816;1290308
Orlando;2013;11;1174545;149513;1324058
Orlando;2013;12;1261007;163135;1424142
Orlando;2014;1;1223283;179168;1402451
Orlando;2014;2;1169972;145225;1315197
Orlando;2014;3;1468562;175041;1643603
Orlando;2014;4;1306463;182595;1489058
Orlando;2014;5;1327415;185747;1513162
Orlando;2014;6;1288270;163229;1451499
Orlando;2014;7;1324976;190387;1515363
Orlando;2014;8;1275575;209542;1485117
Orlando;2014;9;1006580;148254;1154834
Orlando;2014;10;1188487;181609;1370096
Orlando;2014;11;1237560;166107;1403667
Orlando;2014;12;1311291;182083;1493374
Orlando;2015;1;1322561;20355;1526111
Orlando;2015;2;1235516;172698;1408214
Orlando;2015;3;1535724;196332;1732056
Orlando;2015;4;1452470;214014;1666484
Orlando;2015;5;1390675;205172;1595847
Orlando;2015;6;1355275;187303;1542578
Orlando;2015;7;1417909;231193;1649102
Orlando;2015;8;1338641;24739;1586031
Orlando;2015;9;1100116;192906;1293022
Orlando;2015;10;1287968;201008;1488976
Orlando;2015;11;1388009;202202;1590211
Orlando;2015;12;1444564;220435;1664999
Orlando;2016;1;1456202;233701;1689903
Orlando;2016;2;1402743;201346;1604089
Orlando;2016;3;1662187;222176;1884363
Orlando;2016;4;1557037;233874;1790911
Orlando;2016;5;1521874;228733;1750607
Orlando;2016;6;1478265;209203;1687468
Orlando;2016;7;1542009;255072;1797081
Orlando;2016;8;1404696;273003;1677699
Orlando;2016;9;1211491;208169;1419660
Orlando;2016;10;1308655;212961;1521616
Orlando;2016;11;1470414;203684;1674098
Orlando;2016;12;1528755;223027;1751782
Philadelphia;2007;1;994247;109975;1104222
Philadelphia;2007;2;941986;102004;1043990
Philadelphia;2007;3;1188099;141366;1329465
Philadelphia;2007;4;1187683;139427;1327110
Philadelphia;2007;5;1229075;169229;1398304
Philadelphia;2007;6;1266248;200634;1466882
Philadelphia;2007;7;1311283;192344;1503627
Philadelphia;2007;8;1321898;185395;1507293
Philadelphia;2007;9;1066805;163048;1229853
Philadelphia;2007;10;1194317;131262;1325579
Philadelphia;2007;11;1124874;119226;1244100
Philadelphia;2007;12;1030473;128987;1159460
Philadelphia;2008;1;1006905;119527;1126432
Philadelphia;2008;2;992169;112868;1105037
Philadelphia;2008;3;1214322;157188;1371510
Philadelphia;2008;4;1175493;147668;1323161
Philadelphia;2008;5;1199191;182018;1381209
Philadelphia;2008;6;1267853;197621;1465474
Philadelphia;2008;7;1312253;188552;1500805
Philadelphia;2008;8;1296024;192778;1488802
Philadelphia;2008;9;1028674;154341;1183015
Philadelphia;2008;10;1186160;130572;1316732
Philadelphia;2008;11;1004830;113414;1118244
Philadelphia;2008;12;1061746;126321;1188067
Philadelphia;2009;1;926892;118989;1045881
Philadelphia;2009;2;906329;108996;1015325
Philadelphia;2009;3;1108147;143558;1251705
Philadelphia;2009;4;1131665;158725;1290390
Philadelphia;2009;5;1133259;166591;1299850
Philadelphia;2009;6;1196337;19835;1394687
Philadelphia;2009;7;1282610;198397;1481007
Philadelphia;2009;8;1241616;201851;1443467
Philadelphia;2009;9;1024925;167627;1192552
Philadelphia;2009;10;1143070;134997;1278067
Philadelphia;2009;11;1034732;115677;1150409
Philadelphia;2009;12;1014960;1244;1139360
Philadelphia;2010;1;930492;120787;1051279
Philadelphia;2010;2;790246;101541;891787
Philadelphia;2010;3;1139171;155082;1294253
Philadelphia;2010;4;1085476;146672;1232148
Philadelphia;2010;5;1130729;182518;1313247
Philadelphia;2010;6;1181631;198713;1380344
Philadelphia;2010;7;1220113;197031;1417144
Philadelphia;2010;8;1231577;194502;1426079
Philadelphia;2010;9;1056099;173768;1229867
Philadelphia;2010;10;1172411;148022;1320433
Philadelphia;2010;11;1080533;121321;1201854
Philadelphia;2010;12;1033466;134144;1167610
Philadelphia;2011;1;933477;129964;1063441
Philadelphia;2011;2;878945;112904;991849
Philadelphia;2011;3;1135612;157052;1292664
Philadelphia;2011;4;1087043;164303;1251346
Philadelphia;2011;5;1144493;19233;1336823
Philadelphia;2011;6;1160749;191599;1352348
Philadelphia;2011;7;1191778;19454;1386318
Philadelphia;2011;8;1154385;18124;1335625
Philadelphia;2011;9;1040564;162419;1202983
Philadelphia;2011;10;1109540;147684;1257224
Philadelphia;2011;11;1067006;12265;1189656
Philadelphia;2011;12;1059856;130622;1190478
Philadelphia;2012;1;962301;127108;1089409
Philadelphia;2012;2;927574;114451;1042025
Philadelphia;2012;3;1092524;164897;1257421
Philadelphia;2012;4;1050078;167813;1217891
Philadelphia;2012;5;1097404;184964;1282368
Philadelphia;2012;6;1117429;195489;1312918
Philadelphia;2012;7;1132311;175576;1307887
Philadelphia;2012;8;1170296;178581;1348877
Philadelphia;2012;9;1001650;156834;1158484
Philadelphia;2012;10;1050837;13558;1186417
Philadelphia;2012;11;1070113;124244;1194357
Philadelphia;2012;12;1025705;131662;1157367
Philadelphia;2013;1;966537;127044;1093581
Philadelphia;2013;2;945271;128386;1073657
Philadelphia;2013;3;1117379;162861;1280240
Philadelphia;2013;4;1042395;157588;1199983
Philadelphia;2013;5;1105044;194609;1299653
Philadelphia;2013;6;1122843;206914;1329757
Philadelphia;2013;7;1148232;195269;1343501
Philadelphia;2013;8;1166352;197723;1364075
Philadelphia;2013;9;999226;160594;1159820
Philadelphia;2013;10;1095178;14584;1241018
Philadelphia;2013;11;999257;131187;1130444
Philadelphia;2013;12;1045785;135597;1181382
Philadelphia;2014;1;942728;11606;1058788
Philadelphia;2014;2;854841;10644;961281
Philadelphia;2014;3;1088010;156146;1244156
Philadelphia;2014;4;1107320;169992;1277312
Philadelphia;2014;5;1141213;204452;1345665
Philadelphia;2014;6;1133551;213268;1346819
Philadelphia;2014;7;1184043;189595;1373638
Philadelphia;2014;8;1186005;212769;1398774
Philadelphia;2014;9;1024989;16538;1190369
Philadelphia;2014;10;1126989;146026;1273015
Philadelphia;2014;11;984134;126419;1110553
Philadelphia;2014;12;1017305;145805;1163110
Philadelphia;2015;1;877352;12476;1002112
Philadelphia;2015;2;884986;107731;992717
Philadelphia;2015;3;1069602;141214;1210816
Philadelphia;2015;4;1079528;165124;1244652
Philadelphia;2015;5;1136860;194806;1331666
Philadelphia;2015;6;1165864;2131;1378964
Philadelphia;2015;7;1259808;204533;1464341
Philadelphia;2015;8;1231296;208269;1439565
Philadelphia;2015;9;1079899;172579;1252478
Philadelphia;2015;10;1165888;155444;1321332
Philadelphia;2015;11;1086035;131092;1217127
Philadelphia;2015;12;1052748;14431;1197058
Philadelphia;2016;1;902954;11845;1021404
Philadelphia;2016;2;891251;102455;993706
Philadelphia;2016;3;1110274;14857;1258844
Philadelphia;2016;4;1059871;150925;1210796
Philadelphia;2016;5;1130913;176137;1307050
Philadelphia;2016;6;1166600;198826;1365426
Philadelphia;2016;7;1177711;196169;1373880
Philadelphia;2016;8;1173669;184888;1358557
Philadelphia;2016;9;1038613;15996;1198573
Philadelphia;2016;10;1098865;138867;1237732
Philadelphia;2016;11;1008833;108106;1116939
Philadelphia;2016;12;977118;127921;1105039
Phoenix;2007;1;1555176;78248;1633424
Phoenix;2007;2;1491938;73939;1565877
Phoenix;2007;3;1841829;88182;1930011
Phoenix;2007;4;1757658;7897;1836628
Phoenix;2007;5;1771354;73876;1845230
Phoenix;2007;6;1761130;7315;1834280
Phoenix;2007;7;1762185;66549;1828734
Phoenix;2007;8;1719642;67303;1786945
Phoenix;2007;9;1471415;51029;1522444
Phoenix;2007;10;1631854;63415;1695269
Phoenix;2007;11;1568942;73192;1642134
Phoenix;2007;12;1556428;8536;1641788
Phoenix;2008;1;1496976;84557;1581533
Phoenix;2008;2;1510426;82378;1592804
Phoenix;2008;3;1797630;95966;1893596
Phoenix;2008;4;1635951;84319;1720270
Phoenix;2008;5;1651737;80056;1731793
Phoenix;2008;6;1612430;72214;1684644
Phoenix;2008;7;1617757;678;1685557
Phoenix;2008;8;1537258;65118;1602376
Phoenix;2008;9;1339124;49657;1388781
Phoenix;2008;10;1474530;63694;1538224
Phoenix;2008;11;1374518;75937;1450455
Phoenix;2008;12;1468420;87201;1555621
Phoenix;2009;1;1367938;92537;1460475
Phoenix;2009;2;1281623;90456;1372079
Phoenix;2009;3;1630602;102671;1733273
Phoenix;2009;4;1558291;93336;1651627
Phoenix;2009;5;1519156;64538;1583694
Phoenix;2009;6;1516013;61826;1577839
Phoenix;2009;7;1564584;63699;1628283
Phoenix;2009;8;1468554;62434;1530988
Phoenix;2009;9;1328572;49753;1378325
Phoenix;2009;10;1480354;66041;1546395
Phoenix;2009;11;1423575;79007;1502582
Phoenix;2009;12;1478295;94067;1572362
Phoenix;2010;1;1393772;96049;1489821
Phoenix;2010;2;1313782;98196;1411978
Phoenix;2010;3;1655223;1091;1764323
Phoenix;2010;4;1560051;102281;1662332
Phoenix;2010;5;1543341;85663;1629004
Phoenix;2010;6;1545697;82848;1628545
Phoenix;2010;7;1532004;79578;1611582
Phoenix;2010;8;1432066;74356;1506422
Phoenix;2010;9;1351777;59882;1411659
Phoenix;2010;10;1500355;79839;1580194
Phoenix;2010;11;1474683;82635;1557318
Phoenix;2010;12;1525026;99136;1624162
Phoenix;2011;1;1474163;103179;1577342
Phoenix;2011;2;1349772;95561;1445333
Phoenix;2011;3;1733712;108788;1842500
Phoenix;2011;4;1591362;105306;1696668
Phoenix;2011;5;1662850;8781;1750660
Phoenix;2011;6;1659325;83213;1742538
Phoenix;2011;7;1654083;87017;1741100
Phoenix;2011;8;1544731;79934;1624665
Phoenix;2011;9;1408874;60354;1469228
Phoenix;2011;10;1521054;80434;1601488
Phoenix;2011;11;1512090;96243;1608333
Phoenix;2011;12;1518960;108628;1627588
Phoenix;2012;1;1455044;105846;1560890
Phoenix;2012;2;1419277;10242;1521697
Phoenix;2012;3;1727195;117339;1844534
Phoenix;2012;4;1576916;109282;1686198
Phoenix;2012;5;1607267;85975;1693242
Phoenix;2012;6;1616662;79381;1696043
Phoenix;2012;7;1629424;78566;1707990
Phoenix;2012;8;1551620;73026;1624646
Phoenix;2012;9;1344179;57703;1401882
Phoenix;2012;10;1528176;81057;1609233
Phoenix;2012;11;1500696;98256;1598952
Phoenix;2012;12;1482623;108974;1591597
Phoenix;2013;1;1443772;102986;1546758
Phoenix;2013;2;1449984;108579;1558563
Phoenix;2013;3;1724051;11816;1842211
Phoenix;2013;4;1575893;107937;1683830
Phoenix;2013;5;1617829;9096;1708789
Phoenix;2013;6;1609958;81126;1691084
Phoenix;2013;7;1577671;74486;1652157
Phoenix;2013;8;1513481;68913;1582394
Phoenix;2013;9;1360063;51349;1411412
Phoenix;2013;10;1500742;76214;1576956
Phoenix;2013;11;1448311;98367;1546678
Phoenix;2013;12;1588321;114904;1703225
Phoenix;2014;1;1499884;105164;1605048
Phoenix;2014;2;1414710;102535;1517245
Phoenix;2014;3;1830346;125781;1956127
Phoenix;2014;4;1644889;110514;1755403
Phoenix;2014;5;1678336;87902;1766238
Phoenix;2014;6;1664245;79579;1743824
Phoenix;2014;7;1674160;78674;1752834
Phoenix;2014;8;1584353;73647;1658000
Phoenix;2014;9;1384221;46719;1430940
Phoenix;2014;10;1598532;774;1675932
Phoenix;2014;11;1567654;100476;1668130
Phoenix;2014;12;1683119;115428;1798547
Phoenix;2015;1;1520082;112681;1632763
Phoenix;2015;2;1512412;109886;1622298
Phoenix;2015;3;1915726;1301;2045826
Phoenix;2015;4;1748435;121327;1869762
Phoenix;2015;5;1758797;86011;1844808
Phoenix;2015;6;1747357;84626;1831983
Phoenix;2015;7;1795389;82625;1878014
Phoenix;2015;8;1684600;73562;1758162
Phoenix;2015;9;1508613;54825;1563438
Phoenix;2015;10;1692734;78585;1771319
Phoenix;2015;11;1625640;95038;1720678
Phoenix;2015;12;1680499;111261;1791760
Phoenix;2016;1;1597039;9774;1694779
Phoenix;2016;2;1525934;104384;1630318
Phoenix;2016;3;1879765;124333;2004098
Phoenix;2016;4;1711880;108688;1820568
Phoenix;2016;5;1759305;73229;1832534
Phoenix;2016;6;1739161;73182;1812343
Phoenix;2016;7;1683631;68841;1752472
Phoenix;2016;8;1547408;56503;1603911
Phoenix;2016;9;1475807;44782;1520589
Phoenix;2016;10;1628726;6948;1698206
Phoenix;2016;11;1626477;88967;1715444
Phoenix;2016;12;1681035;107412;1788447
San Francisco;2007;1;857992;320017;1178009
San Francisco;2007;2;827395;28908;1116475
San Francisco;2007;3;1034809;343624;1378433
San Francisco;2007;4;1059006;324524;1383530
San Francisco;2007;5;1108669;377363;1486032
San Francisco;2007;6;1219406;399275;1618681
San Francisco;2007;7;1223040;401009;1624049
San Francisco;2007;8;1266351;388669;1655020
San Francisco;2007;9;1088715;352446;1441161
San Francisco;2007;10;1158530;363761;1522291
San Francisco;2007;11;1097266;328594;1425860
San Francisco;2007;12;1079169;361795;1440964
San Francisco;2008;1;916889;313904;1230793
San Francisco;2008;2;944624;303385;1248009
San Francisco;2008;3;1151845;346017;1497862
San Francisco;2008;4;1131191;321229;1452420
San Francisco;2008;5;1225800;377112;1602912
San Francisco;2008;6;1325666;423091;1748757
San Francisco;2008;7;1356716;391942;1748658
San Francisco;2008;8;1367465;390341;1757806
San Francisco;2008;9;1138972;336463;1475435
San Francisco;2008;10;1199858;347808;1547666
San Francisco;2008;11;1071915;297733;1369648
San Francisco;2008;12;1128348;339137;1467485
San Francisco;2009;1;967778;302654;1270432
San Francisco;2009;2;912444;253504;1165948
San Francisco;2009;3;1139042;302707;1441749
San Francisco;2009;4;1168353;316997;1485350
San Francisco;2009;5;1243222;332944;1576166
San Francisco;2009;6;1344545;384315;1728860
San Francisco;2009;7;1403735;381368;1785103
San Francisco;2009;8;1400355;37886;1779215
San Francisco;2009;9;1235532;328198;1563730
San Francisco;2009;10;1284815;336382;1621197
San Francisco;2009;11;1186995;294821;1481816
San Francisco;2009;12;1218525;326839;1545364
San Francisco;2010;1;1101452;299141;1400593
San Francisco;2010;2;974046;266042;1240088
San Francisco;2010;3;1215081;314986;1530067
San Francisco;2010;4;1225088;310269;1535357
San Francisco;2010;5;1280580;380088;1660668
San Francisco;2010;6;1386547;412951;1799498
San Francisco;2010;7;1402828;408156;1810984
San Francisco;2010;8;1418437;396799;1815236
San Francisco;2010;9;1283797;369498;1653295
San Francisco;2010;10;1357595;37804;1735635
San Francisco;2010;11;1252659;317665;1570324
San Francisco;2010;12;1251298;33563;1586928
San Francisco;2011;1;1077602;317488;1395090
San Francisco;2011;2;1012511;27593;1288441
San Francisco;2011;3;1229237;322526;1551763
San Francisco;2011;4;1239366;332638;1572004
San Francisco;2011;5;1347699;399326;1747025
San Francisco;2011;6;1452955;422177;1875132
San Francisco;2011;7;1486220;417147;1903367
San Francisco;2011;8;1472134;41608;1888214
San Francisco;2011;9;1368075;37815;1746225
San Francisco;2011;10;1385693;374715;1760408
San Francisco;2011;11;1309092;320547;1629639
San Francisco;2011;12;1333805;357737;1691542
San Francisco;2012;1;1183540;326014;1509554
San Francisco;2012;2;1148012;291224;1439236
San Francisco;2012;3;1343485;340569;1684054
San Francisco;2012;4;1353705;353261;1706966
San Francisco;2012;5;1417363;428253;1845616
San Francisco;2012;6;1549090;454063;2003153
San Francisco;2012;7;1580251;433921;2014172
San Francisco;2012;8;1634071;444659;2078730
San Francisco;2012;9;1398872;391961;1790833
San Francisco;2012;10;1452490;392505;1844995
San Francisco;2012;11;1345102;335728;1680830
San Francisco;2012;12;1331370;362337;1693707
San Francisco;2013;1;1174537;332929;1507466
San Francisco;2013;2;1132204;299511;1431715
San Francisco;2013;3;1387834;352459;1740293
San Francisco;2013;4;1370595;347568;1718163
San Francisco;2013;5;1469665;441368;1911033
San Francisco;2013;6;1565048;467004;2032052
San Francisco;2013;7;1527386;446002;1973388
San Francisco;2013;8;1621479;471742;2093221
San Francisco;2013;9;1408570;411474;1820044
San Francisco;2013;10;1479370;416915;1896285
San Francisco;2013;11;1355951;353073;1709024
San Francisco;2013;12;1471885;386338;1858223
San Francisco;2014;1;1265521;361209;1626730
San Francisco;2014;2;1157507;320979;1478486
San Francisco;2014;3;1445102;379508;1824610
San Francisco;2014;4;1475097;380201;1855298
San Francisco;2014;5;1545111;46704;2012151
San Francisco;2014;6;1620861;495062;2115923
San Francisco;2014;7;1642604;48123;2123834
San Francisco;2014;8;1677272;497438;2174710
San Francisco;2014;9;1466079;420204;1886283
San Francisco;2014;10;1554456;431311;1985767
San Francisco;2014;11;1416901;355323;1772224
San Francisco;2014;12;1478449;408353;1886802
San Francisco;2015;1;1303249;375593;1678842
San Francisco;2015;2;1215713;345868;1561581
San Francisco;2015;3;1527405;414339;1941744
San Francisco;2015;4;1526384;40657;1932954
San Francisco;2015;5;1621799;501844;2123643
San Francisco;2015;6;1693746;534221;2227967
San Francisco;2015;7;1755716;522503;2278219
San Francisco;2015;8;1750187;536671;2286858
San Francisco;2015;9;1580244;464634;2044878
San Francisco;2015;10;1681369;473744;2155113
San Francisco;2015;11;1551073;410342;1961415
San Francisco;2015;12;1576830;456155;2032985
San Francisco;2016;1;1348852;418197;1767049
San Francisco;2016;2;1314959;38483;1699789
San Francisco;2016;3;1597087;435539;2032626
San Francisco;2016;4;1562407;435505;1997912
San Francisco;2016;5;1692060;522974;2215034
San Francisco;2016;6;1831928;59841;2430338
San Francisco;2016;7;1867664;591734;2459398
San Francisco;2016;8;1847614;588619;2436233
San Francisco;2016;9;1677495;519816;2197311
San Francisco;2016;10;1694169;525457;2219626
San Francisco;2016;11;1618603;464872;2083475
San Francisco;2016;12;1622782;536395;2159177
Seattle;2007;1;923729;9223;1015959
Seattle;2007;2;883775;88811;972586
Seattle;2007;3;1100412;105639;1206051
Seattle;2007;4;1097420;93045;1190465
Seattle;2007;5;1208808;104174;1312982
Seattle;2007;6;1351479;109406;1460885
Seattle;2007;7;1450863;115422;1566285
Seattle;2007;8;1486319;1224;1608719
Seattle;2007;9;1201184;110649;1311833
Seattle;2007;10;1150933;110559;1261492
Seattle;2007;11;1113100;104855;1217955
Seattle;2007;12;1155161;115384;1270545
Seattle;2008;1;996359;116686;1113045
Seattle;2008;2;996689;111438;1108127
Seattle;2008;3;1187164;13211;1319274
Seattle;2008;4;1112424;111312;1223736
Seattle;2008;5;1243599;118037;1361636
Seattle;2008;6;1399182;127815;1526997
Seattle;2008;7;1479950;127112;1607062
Seattle;2008;8;1516999;135354;1652353
Seattle;2008;9;1203441;118463;1321904
Seattle;2008;10;1141156;10594;1247096
Seattle;2008;11;1022753;100482;1123235
Seattle;2008;12;1103995;110843;1214838
Seattle;2009;1;930933;103206;1034139
Seattle;2009;2;908563;95078;1003641
Seattle;2009;3;1139130;114341;1253471
Seattle;2009;4;1068228;101499;1169727
Seattle;2009;5;1183243;104011;1287254
Seattle;2009;6;1341432;109427;1450859
Seattle;2009;7;1444320;118424;1562744
Seattle;2009;8;1453497;124966;1578463
Seattle;2009;9;1201569;101189;1302758
Seattle;2009;10;1130489;97076;1227565
Seattle;2009;11;1036456;953;1131756
Seattle;2009;12;1128739;112126;1240865
Seattle;2010;1;954905;110845;1065750
Seattle;2010;2;895211;97506;992717
Seattle;2010;3;1105311;112932;1218243
Seattle;2010;4;1047501;100703;1148204
Seattle;2010;5;1142114;112728;1254842
Seattle;2010;6;1333245;124937;1458182
Seattle;2010;7;1444478;124206;1568684
Seattle;2010;8;1456885;126893;1583778
Seattle;2010;9;1217637;120085;1337722
Seattle;2010;10;1149889;115713;1265602
Seattle;2010;11;1092604;101096;1193700
Seattle;2010;12;1167287;113377;1280664
Seattle;2011;1;990835;110663;1101498
Seattle;2011;2;928579;99817;1028396
Seattle;2011;3;1174099;119347;1293446
Seattle;2011;4;1100898;112657;1213555
Seattle;2011;5;1208753;123831;1332584
Seattle;2011;6;1375375;131417;1506792
Seattle;2011;7;1472834;135808;1608642
Seattle;2011;8;1500128;147424;1647552
Seattle;2011;9;1259634;124712;1384346
Seattle;2011;10;1153751;119831;1273582
Seattle;2011;11;1129912;101699;1231611
Seattle;2011;12;1194183;114731;1308914
Seattle;2012;1;982707;107613;1090320
Seattle;2012;2;983699;99524;1083223
Seattle;2012;3;1180559;130885;1311444
Seattle;2012;4;1126168;116396;1242564
Seattle;2012;5;1203543;126767;1330310
Seattle;2012;6;1388964;142994;1531958
Seattle;2012;7;1487415;141961;1629376
Seattle;2012;8;1500333;161832;1662165
Seattle;2012;9;1236922;139342;1376264
Seattle;2012;10;1155693;133407;1289100
Seattle;2012;11;1121010;117166;1238176
Seattle;2012;12;1170707;128938;1299645
Seattle;2013;1;1024073;121127;1145200
Seattle;2013;2;983458;111996;1095454
Seattle;2013;3;1192794;136279;1329073
Seattle;2013;4;1137687;122413;1260100
Seattle;2013;5;1255849;140389;1396238
Seattle;2013;6;1433511;166796;1600307
Seattle;2013;7;1549936;159962;1709898
Seattle;2013;8;1562472;181624;1744096
Seattle;2013;9;1270394;152103;1422497
Seattle;2013;10;1192701;138107;1330808
Seattle;2013;11;1093111;122339;1215450
Seattle;2013;12;1253570;139015;1392585
Seattle;2014;1;1059353;132411;1191764
Seattle;2014;2;1001389;116673;1118062
Seattle;2014;3;1214967;141286;1356253
Seattle;2014;4;1204716;132401;1337117
Seattle;2014;5;1296179;148538;1444717
Seattle;2014;6;1533121;175193;1708314
Seattle;2014;7;1670697;173088;1843785
Seattle;2014;8;1714870;200461;1915331
Seattle;2014;9;1381479;165928;1547407
Seattle;2014;10;1326791;1494;1476191
Seattle;2014;11;1219311;143307;1362618
Seattle;2014;12;1373679;164523;1538202
Seattle;2015;1;1180556;154933;1335489
Seattle;2015;2;1113548;145979;1259527
Seattle;2015;3;1374569;173379;1547948
Seattle;2015;4;1362556;165531;1528087
Seattle;2015;5;1487974;187063;1675037
Seattle;2015;6;1712182;204943;1917125
Seattle;2015;7;1877232;210704;2087936
Seattle;2015;8;1912172;23234;2144512
Seattle;2015;9;1552937;191215;1744152
Seattle;2015;10;1491063;177576;1668639
Seattle;2015;11;1382157;151701;1533858
Seattle;2015;12;1508794;175227;1684021
Seattle;2016;1;1297995;161257;1459252
Seattle;2016;2;1256271;152615;1408886
Seattle;2016;3;1529622;17892;1708542
Seattle;2016;4;1484864;178337;1663201
Seattle;2016;5;1635352;196535;1831887
Seattle;2016;6;1881634;219684;2101318
Seattle;2016;7;2015161;228637;2243798
Seattle;2016;8;2057429;240776;2298205
Seattle;2016;9;1679948;209161;1889109
Seattle;2016;10;1586543;190751;1777294
Seattle;2016;11;1510143;170829;1680972
Seattle;2016;12;1574435;211415;1785850